Timestamp,WardenPlayers,ColonialPlayers,WardenCaptures,ColonialCaptures,WardenCasualties,ColonialCasualties,WardenCasualtyRate,WardenCasualtyRateHr,ColonialCasualtyRate,ColonialCasualtyRateHr,SteamPlayers,WardenPlayHours,ColonialPlayHours,WardenQueued,ColonialQueued,WardenPlayersMore,ColonialPlayersMore,WardenQueueWarning,ColonialQueueWarning
2021-02-09 09:13:01,183,182,89,104,1,0,0,0/hr,0,0/hr,419,0,0,0,0,1,0,0,0
2021-02-09 09:43:01,222,258,116,119,410,456,188,188/hr,193,193/hr,518,111,129,0,2,0,36,0,1
2021-02-09 10:13:01,250,276,119,126,828,986,862,862/hr,1034,1034/hr,570,236,267,1,1,0,26,0,0
2021-02-09 10:43:01,239,263,120,126,1198,1402,786,786/hr,941,941/hr,551,355,398,0,5,0,24,0,0
2021-02-09 11:13:01,222,260,120,127,1562,1836,734,734/hr,850,850/hr,534,466,528,0,3,0,38,0,1
2021-02-09 11:43:01,221,235,123,127,1915,2150,719,719/hr,750,750/hr,512,577,646,0,0,0,14,0,0
2021-02-09 12:13:01,210,226,122,128,2292,2569,738,738/hr,739,739/hr,501,682,759,0,0,0,16,0,0
2021-02-09 12:43:01,209,229,123,128,2707,3057,792,792/hr,907,907/hr,488,786,873,1,1,0,20,0,0
2021-02-09 13:13:01,201,252,123,128,3225,3671,981,981/hr,1160,1160/hr,492,887,999,0,2,0,51,0,1
2021-02-09 13:43:01,207,238,123,128,3704,4330,997,997/hr,1273,1273/hr,490,990,1118,1,3,0,31,0,0
2021-02-09 14:13:01,195,225,122,129,4289,5048,1064,1064/hr,1377,1377/hr,463,1088,1231,0,1,0,30,0,1
2021-02-09 14:43:01,182,222,122,128,4847,5741,1143,1143/hr,1411,1411/hr,441,1179,1342,0,2,0,40,0,1
2021-02-09 15:13:01,160,189,122,128,5308,6354,965,965/hr,1293,1293/hr,356,1259,1436,1,7,0,29,0,1
2021-02-09 15:43:01,153,191,122,128,5746,6859,887,887/hr,1087,1087/hr,380,1335,1532,0,5,0,38,0,1
2021-02-09 16:13:01,150,184,121,129,6142,7416,834,834/hr,1062,1062/hr,369,1410,1624,0,5,0,34,0,1
2021-02-09 16:43:01,149,184,120,131,6514,7997,768,768/hr,1138,1138/hr,375,1485,1716,1,5,0,35,0,1
2021-02-09 17:13:01,147,158,120,131,6834,8433,693,693/hr,1019,1019/hr,346,1558,1795,0,2,0,11,0,0
2021-02-09 17:43:01,128,165,120,131,7280,8872,766,766/hr,875,875/hr,327,1622,1877,0,4,0,37,0,1
2021-02-09 18:13:01,140,162,119,132,7746,9278,913,913/hr,845,845/hr,340,1692,1958,0,5,0,22,0,1
2021-02-09 18:43:01,128,162,119,132,8138,9593,858,858/hr,721,721/hr,334,1756,2039,0,1,0,34,0,1
2021-02-09 19:13:01,118,152,119,132,8418,9871,672,672/hr,593,593/hr,327,1815,2115,0,14,0,34,0,1
2021-02-09 19:43:01,132,158,119,132,8783,10215,654,654/hr,629,629/hr,334,1881,2194,0,4,0,26,0,1
2021-02-09 20:13:01,115,147,119,132,9218,10604,800,800/hr,733,733/hr,305,1939,2268,0,4,0,32,0,1
2021-02-09 20:43:01,114,142,119,132,9557,10949,774,774/hr,734,734/hr,295,1996,2339,0,2,0,28,0,1
2021-02-09 21:13:01,111,136,119,132,9858,11236,641,641/hr,633,633/hr,292,2051,2407,0,3,0,25,0,1
2021-02-09 21:43:01,107,133,119,132,10109,11479,552,552/hr,530,530/hr,275,2105,2473,0,4,0,26,0,1
2021-02-09 22:13:01,99,121,119,132,10418,11698,561,561/hr,464,464/hr,248,2154,2534,0,1,0,22,0,1
2021-02-09 22:43:01,96,127,119,132,10717,11914,608,608/hr,435,435/hr,247,2202,2597,0,0,0,31,0,1
2021-02-09 23:13:01,81,115,119,132,10961,12146,546,546/hr,450,450/hr,240,2243,2655,0,9,0,34,0,1
2021-02-09 23:43:01,90,114,116,133,11241,12414,524,524/hr,500,500/hr,248,2288,2712,0,1,0,24,0,1
2021-02-10 00:13:01,87,106,116,134,11505,12644,548,548/hr,499,499/hr,235,2331,2765,0,0,0,19,0,1
2021-02-10 00:43:01,85,108,116,134,11678,12829,437,437/hr,415,415/hr,239,2374,2819,0,0,0,23,0,1
2021-02-10 01:13:01,99,107,116,134,11829,13014,326,326/hr,374,374/hr,241,2423,2872,0,0,0,8,0,0
2021-02-10 01:43:01,84,120,116,134,12021,13222,343,343/hr,393,393/hr,243,2465,2932,0,4,0,36,0,1
2021-02-10 02:13:01,86,120,116,134,12241,13496,411,411/hr,483,483/hr,252,2508,2992,0,9,0,34,0,1
2021-02-10 02:43:02,88,115,116,134,12422,13715,388,388/hr,463,463/hr,243,2552,3050,0,0,0,27,0,1
2021-02-10 03:13:02,99,117,116,134,12598,13966,347,347/hr,469,469/hr,244,2602,3108,0,0,0,18,0,1
2021-02-10 03:44:01,105,125,116,134,12821,14269,400,400/hr,557,557/hr,268,2656,3173,0,0,0,20,0,1
2021-02-10 04:14:01,98,118,115,135,13021,14533,428,428/hr,568,568/hr,259,2705,3232,0,0,0,20,0,1
2021-02-10 04:44:01,113,122,115,135,13238,14759,432,432/hr,501,501/hr,277,2761,3293,0,0,0,9,0,0
2021-02-10 05:14:01,114,130,115,135,13405,14986,370,370/hr,439,439/hr,289,2818,3358,0,0,0,16,0,0
2021-02-10 05:44:02,110,136,115,135,13573,15219,335,335/hr,460,460/hr,283,2873,3426,0,1,0,26,0,1
2021-02-10 06:15:01,116,134,115,135,13784,15392,381,381/hr,407,407/hr,291,2933,3495,0,3,0,18,0,1
2021-02-10 06:45:02,146,152,115,135,13955,15596,382,382/hr,377,377/hr,340,3006,3571,0,0,0,6,0,0
2021-02-10 07:16:01,139,168,114,135,14213,15843,429,429/hr,453,453/hr,358,3078,3658,0,0,0,29,0,1
2021-02-10 07:46:01,149,176,114,136,14453,16043,498,498/hr,447,447/hr,374,3152,3746,0,1,0,27,0,1
2021-02-10 08:16:01,166,185,114,136,14702,16272,489,489/hr,429,429/hr,393,3235,3838,0,3,0,19,0,0
2021-02-10 08:46:01,172,196,114,136,14982,16577,529,529/hr,534,534/hr,422,3321,3936,1,7,0,24,0,0
2021-02-10 09:16:01,160,190,114,136,15324,16924,623,623/hr,652,652/hr,413,3401,4031,0,15,0,30,0,1
2021-02-10 09:46:01,157,188,114,136,15643,17276,661,661/hr,699,699/hr,407,3480,4125,0,17,0,31,0,1
2021-02-10 10:16:01,161,199,113,137,16069,17833,745,745/hr,910,910/hr,438,3560,4225,0,33,0,38,0,1
2021-02-10 10:46:01,171,210,113,136,16437,18307,794,794/hr,1031,1031/hr,425,3646,4330,0,15,0,39,0,1
2021-02-10 11:16:01,176,213,113,137,16772,18667,674,674/hr,785,785/hr,440,3734,4436,0,5,0,37,0,1
2021-02-10 11:46:01,163,194,112,137,17166,19015,752,752/hr,702,702/hr,411,3815,4533,0,4,0,31,0,1
2021-02-10 12:16:01,179,202,112,138,17626,19355,865,865/hr,698,698/hr,430,3905,4634,0,4,0,23,0,0
2021-02-10 12:46:01,190,213,111,138,18075,19853,941,941/hr,859,859/hr,447,4000,4741,0,3,0,23,0,0
2021-02-10 13:16:01,181,206,111,139,18541,20309,915,915/hr,955,955/hr,436,4090,4844,0,2,0,25,0,0
2021-02-10 13:46:01,173,188,109,140,18976,20680,908,908/hr,833,833/hr,412,4177,4938,0,3,0,15,0,0
2021-02-10 14:16:02,160,181,108,141,19371,21110,816,816/hr,800,800/hr,387,4257,5028,0,5,0,21,0,0
2021-02-10 14:47:01,166,167,107,141,19743,21470,767,767/hr,790,790/hr,382,4343,5114,0,7,0,1,0,0
2021-02-10 15:17:01,165,162,107,141,20048,21835,681,681/hr,725,725/hr,373,4425,5195,0,6,3,0,0,0
2021-02-10 15:47:01,158,146,106,142,20312,22086,569,569/hr,616,616/hr,348,4504,5268,0,3,12,0,0,0
2021-02-10 16:17:01,138,149,106,142,20552,22334,503,503/hr,500,500/hr,347,4573,5343,0,2,0,11,0,0
2021-02-10 16:47:01,137,144,106,142,20873,22607,571,571/hr,528,528/hr,330,4642,5415,0,2,0,7,0,0
2021-02-10 17:17:01,137,153,106,142,21175,22879,625,625/hr,542,542/hr,338,4710,5491,0,0,0,16,0,0
2021-02-10 17:47:01,143,145,106,142,21504,23114,631,631/hr,507,507/hr,0,4782,5564,0,0,0,2,0,0
2021-02-10 18:17:01,155,157,106,142,21860,23363,685,685/hr,484,484/hr,351,4859,5642,0,0,0,2,0,0
2021-02-10 18:47:01,152,153,106,142,22244,23656,745,745/hr,542,542/hr,348,4935,5719,0,1,0,1,0,0
2021-02-10 19:17:01,158,147,106,142,22584,24021,724,724/hr,655,655/hr,352,5014,5792,0,0,11,0,0,0
2021-02-10 19:47:01,133,134,106,142,22942,24324,673,673/hr,652,652/hr,306,5081,5859,0,0,0,1,0,0
2021-02-10 20:17:01,128,124,106,142,23246,24617,667,667/hr,597,597/hr,289,5145,5921,0,0,4,0,0,0
2021-02-10 20:47:01,120,118,106,142,23503,24882,566,566/hr,559,559/hr,278,5205,5980,0,0,2,0,0,0
2021-02-10 21:17:01,117,117,106,142,23704,25106,443,443/hr,482,482/hr,267,5263,6039,0,0,0,0,0,0
2021-02-10 21:47:01,123,108,106,142,23949,25350,420,420/hr,453,453/hr,259,5325,6093,0,0,15,0,0,0
2021-02-10 22:17:01,110,104,106,142,24222,25581,518,518/hr,475,475/hr,241,5380,6145,0,1,6,0,0,0
2021-02-10 22:47:01,111,91,106,142,24477,25775,548,548/hr,439,439/hr,234,5435,6190,0,0,20,0,1,0
2021-02-10 23:17:01,109,92,106,142,24784,25957,564,564/hr,373,373/hr,230,5490,6236,0,0,17,0,1,0
2021-02-10 23:47:01,100,100,106,142,25057,26143,580,580/hr,368,368/hr,234,5540,6286,0,0,0,0,0,0
2021-02-11 00:17:01,92,105,106,142,25314,26327,527,527/hr,370,370/hr,227,5586,6339,0,0,0,13,0,0
2021-02-11 00:47:01,74,99,106,141,25531,26458,444,444/hr,275,275/hr,226,5623,6388,0,10,0,25,0,1
2021-02-11 01:17:01,79,106,106,142,25754,26552,440,440/hr,228,228/hr,224,5662,6441,0,7,0,27,0,1
2021-02-11 01:47:01,87,115,106,142,26003,26688,472,472/hr,231,231/hr,234,5706,6499,0,5,0,28,0,1
2021-02-11 02:17:01,86,111,106,142,26275,26876,521,521/hr,326,326/hr,240,5749,6554,0,12,0,25,0,1
2021-02-11 02:47:01,100,120,106,142,26496,27039,493,493/hr,353,353/hr,246,5799,6614,0,4,0,20,0,1
2021-02-11 03:17:02,94,109,106,141,26707,27240,447,447/hr,372,372/hr,231,5846,6669,0,1,0,15,0,1
2021-02-11 03:48:01,99,113,106,142,26878,27412,368,368/hr,371,371/hr,239,5897,6727,0,1,0,14,0,0
2021-02-11 04:18:01,93,115,106,142,27082,27586,376,376/hr,348,348/hr,226,5943,6785,0,0,0,22,0,1
2021-02-11 04:48:01,94,115,106,141,27225,27737,347,347/hr,325,325/hr,239,5990,6842,0,5,0,21,0,1
2021-02-11 05:18:01,110,131,106,141,27385,27897,304,304/hr,307,307/hr,269,6045,6908,0,4,0,21,0,1
2021-02-11 05:48:01,124,147,106,142,27582,28117,360,360/hr,382,382/hr,307,6107,6981,0,8,0,23,0,1
2021-02-11 06:18:01,128,148,106,142,27855,28343,470,470/hr,448,448/hr,311,6171,7055,0,4,0,20,0,1
2021-02-11 06:48:01,128,161,105,142,28117,28606,537,537/hr,493,493/hr,325,6235,7136,0,5,0,33,0,1
2021-02-11 07:18:01,128,159,105,142,28386,28858,525,525/hr,522,522/hr,326,6299,7215,0,4,0,31,0,1
2021-02-11 07:48:01,114,149,105,142,28712,29087,598,598/hr,481,481/hr,319,6356,7290,0,12,0,35,0,1
2021-02-11 08:18:01,117,150,105,142,29003,29330,620,620/hr,473,473/hr,311,6415,7365,0,8,0,33,0,1
2021-02-11 08:48:01,140,165,105,142,29288,29578,580,580/hr,486,486/hr,334,6485,7447,0,4,0,25,0,1
2021-02-11 09:18:01,140,172,104,143,29633,29871,613,613/hr,520,520/hr,355,6555,7533,0,12,0,32,0,1
2021-02-11 09:48:01,145,174,104,143,29981,30157,697,697/hr,582,582/hr,363,6627,7620,0,9,0,29,0,1
2021-02-11 10:18:01,151,182,103,144,30314,30490,681,681/hr,619,619/hr,365,6703,7711,0,2,0,31,0,1
2021-02-11 10:48:01,163,180,103,144,30666,30780,684,684/hr,624,624/hr,377,6784,7801,1,0,0,17,0,1
2021-02-11 11:18:01,158,191,103,144,31097,31114,822,822/hr,645,645/hr,392,6863,7897,0,10,0,33,0,1
2021-02-11 11:48:01,161,198,103,144,31495,31453,826,826/hr,669,669/hr,401,6944,7996,0,4,0,37,0,1
2021-02-11 12:18:01,181,197,103,144,31862,31833,791,791/hr,752,752/hr,408,7034,8094,0,0,0,16,0,0
2021-02-11 12:48:01,180,197,103,144,32359,32232,870,870/hr,781,781/hr,429,7124,8193,2,3,0,17,0,0
2021-02-11 13:18:01,185,205,103,144,32940,32686,1079,1079/hr,852,852/hr,419,7217,8295,0,0,0,20,0,1
2021-02-11 13:48:01,178,193,103,144,33382,33076,1024,1024/hr,843,843/hr,412,7306,8392,0,1,0,15,0,0
2021-02-11 14:18:01,166,188,103,144,33829,33399,881,881/hr,710,710/hr,406,7389,8486,0,6,0,22,0,1
2021-02-11 14:48:01,150,183,103,144,34220,33775,838,838/hr,699,699/hr,390,7464,8577,0,5,0,33,0,1
2021-02-11 15:18:01,151,192,103,144,34544,34090,715,715/hr,691,691/hr,394,7539,8673,0,2,0,41,0,1
2021-02-11 15:48:01,158,185,103,144,35093,34437,873,873/hr,662,662/hr,407,7618,8766,0,6,0,27,0,1
2021-02-11 16:18:01,140,182,102,145,35584,34792,1031,1031/hr,696,696/hr,379,7688,8857,0,6,0,42,0,1
2021-02-11 16:48:01,138,160,102,145,35937,35123,844,844/hr,686,686/hr,348,7757,8937,0,0,0,22,0,1
2021-02-11 17:18:01,148,159,101,145,36275,35434,701,701/hr,653,653/hr,351,7831,9016,0,0,0,11,0,0
2021-02-11 17:48:01,140,152,101,145,36687,35735,750,750/hr,612,612/hr,335,7901,9092,1,2,0,12,0,0
2021-02-11 18:18:01,141,144,101,145,37080,36028,806,806/hr,597,597/hr,335,7972,9164,0,6,0,3,0,0
2021-02-11 18:48:01,148,155,101,144,37449,36337,733,733/hr,584,584/hr,342,8046,9242,0,4,0,7,0,0
2021-02-11 19:18:01,133,143,100,145,37862,36665,762,762/hr,635,635/hr,325,8112,9313,0,5,0,10,0,0
2021-02-11 19:48:01,116,141,99,146,38127,36904,683,683/hr,570,570/hr,299,8170,9384,0,7,0,25,0,1
2021-02-11 20:18:01,127,132,99,146,38348,37109,493,493/hr,441,441/hr,305,8234,9450,0,5,0,5,0,0
2021-02-11 20:48:01,129,123,99,146,38640,37327,512,512/hr,423,423/hr,303,8298,9511,0,4,6,0,0,0
2021-02-11 21:18:01,118,123,98,148,38906,37558,561,561/hr,449,449/hr,294,8357,9573,0,4,0,5,0,0
2021-02-11 21:48:02,112,116,98,148,39161,37810,522,522/hr,484,484/hr,266,8413,9631,0,0,0,4,0,0
2021-02-11 22:19:01,100,109,98,148,39338,38031,431,431/hr,473,473/hr,245,8465,9687,0,1,0,9,0,0
2021-02-11 22:49:01,97,104,99,147,39536,38228,373,373/hr,415,415/hr,238,8514,9739,0,0,0,7,0,0
2021-02-11 23:19:01,94,88,99,146,39754,38483,403,403/hr,466,466/hr,226,8561,9783,0,0,6,0,0,0
2021-02-11 23:49:01,86,83,98,146,39893,38578,357,357/hr,350,350/hr,207,8604,9825,0,1,3,0,0,0
2021-02-12 00:19:01,79,84,98,148,39987,38682,226,226/hr,197,197/hr,198,8643,9867,0,1,0,5,0,0
2021-02-12 00:49:01,76,87,98,148,40133,38769,243,243/hr,190,190/hr,205,8681,9910,0,0,0,11,0,1
2021-02-12 01:19:01,94,89,98,148,40294,38887,297,297/hr,207,207/hr,214,8728,9955,0,0,5,0,0,0
2021-02-12 01:49:01,87,98,97,148,40427,39018,295,295/hr,249,249/hr,222,8772,10004,0,0,0,11,0,1
2021-02-12 02:19:01,85,100,97,148,40592,39182,299,299/hr,297,297/hr,224,8814,10054,0,0,0,15,0,1
2021-02-12 02:49:01,86,90,98,147,40778,39339,351,351/hr,319,319/hr,217,8857,10099,0,1,0,4,0,0
2021-02-12 03:19:01,96,89,98,147,40967,39475,378,378/hr,270,270/hr,216,8905,10143,0,0,7,0,0,0
2021-02-12 03:49:01,90,96,98,148,41155,39607,378,378/hr,292,292/hr,223,8950,10191,0,3,0,6,0,0
2021-02-12 04:19:01,97,90,98,147,41291,39717,329,329/hr,245,245/hr,223,8999,10236,0,2,7,0,0,0
2021-02-12 04:49:02,88,109,98,147,41425,39790,277,277/hr,184,184/hr,236,9043,10291,0,2,0,21,0,1
2021-02-12 05:20:01,107,126,98,147,41569,39910,272,272/hr,197,197/hr,266,9098,10356,0,3,0,19,0,1
2021-02-12 05:50:01,118,131,98,147,41718,40074,295,295/hr,289,289/hr,288,9157,10421,0,0,0,13,0,1
2021-02-12 06:20:01,133,136,98,147,41946,40269,372,372/hr,339,339/hr,299,9223,10489,0,0,0,3,0,0
2021-02-12 06:50:01,135,125,98,146,42154,40461,434,434/hr,384,384/hr,297,9291,10552,3,0,10,0,0,0
2021-02-12 07:20:01,141,131,98,147,42390,40629,486,486/hr,394,394/hr,313,9361,10617,3,0,10,0,0,0
2021-02-12 07:50:01,129,130,98,148,42644,40857,492,492/hr,396,396/hr,303,9426,10682,4,0,0,1,0,0
2021-02-12 08:20:01,147,156,98,148,42859,41068,438,438/hr,393,393/hr,340,9499,10760,0,0,0,9,0,0
2021-02-12 08:50:01,160,162,98,148,43061,41267,407,407/hr,376,376/hr,359,9579,10841,0,0,0,2,0,0
2021-02-12 09:20:02,159,160,98,148,43386,41556,534,534/hr,499,499/hr,367,9659,10921,0,1,0,1,0,0
2021-02-12 09:51:01,158,174,98,148,43661,41820,594,594/hr,546,546/hr,388,9740,11011,0,1,0,16,0,1
2021-02-12 10:21:01,162,175,98,147,43976,42087,589,589/hr,524,524/hr,392,9821,11099,0,3,0,13,0,0
2021-02-12 10:51:01,144,183,98,147,44365,42362,723,723/hr,559,559/hr,390,9893,11190,0,3,0,39,0,1
2021-02-12 11:21:01,150,184,98,146,44738,42675,762,762/hr,589,589/hr,390,9968,11282,0,1,0,34,0,1
2021-02-12 11:51:01,168,190,98,147,45116,42934,738,738/hr,551,551/hr,410,10052,11377,0,8,0,22,0,1
2021-02-12 12:21:01,166,200,97,148,45549,43318,733,733/hr,597,597/hr,420,10135,11477,0,5,0,34,0,1
2021-02-12 12:51:01,183,202,96,148,45978,43700,814,814/hr,713,713/hr,429,10227,11578,0,4,0,19,0,1
2021-02-12 13:21:01,173,194,95,148,46415,44064,816,816/hr,689,689/hr,480,10313,11675,0,4,0,21,0,1
2021-02-12 13:51:01,163,199,95,148,46824,44399,871,871/hr,715,715/hr,478,10395,11775,0,4,0,36,0,1
2021-02-12 14:21:01,158,193,96,148,47269,44853,865,865/hr,794,794/hr,471,10474,11871,0,7,0,35,0,1
2021-02-12 14:51:01,142,180,97,148,47788,45239,957,957/hr,822,822/hr,427,10545,11961,0,0,0,38,0,1
2021-02-12 15:21:01,138,141,96,148,48238,45543,963,963/hr,694,694/hr,442,10614,12032,0,0,0,3,0,0
2021-02-12 15:51:01,124,136,97,147,48531,45778,655,655/hr,498,498/hr,530,10676,12100,0,0,0,12,0,0
2021-02-12 16:21:01,121,132,98,147,48807,45976,535,535/hr,421,421/hr,608,10736,12166,0,0,0,11,0,0
2021-02-12 16:51:01,128,135,98,147,49047,46141,495,495/hr,348,348/hr,575,10800,12233,0,0,0,7,0,0
2021-02-12 17:21:01,133,128,98,147,49326,46410,520,520/hr,434,434/hr,526,10867,12297,0,0,5,0,0,0
2021-02-12 17:51:01,130,130,98,147,49611,46636,557,557/hr,487,487/hr,491,10932,12362,0,0,0,0,0,0
2021-02-12 18:21:01,129,137,98,147,49892,46871,516,516/hr,405,405/hr,472,10996,12431,0,0,0,8,0,0
2021-02-12 18:51:01,123,143,99,146,50195,47163,578,578/hr,534,534/hr,447,11058,12502,0,0,0,20,0,1
2021-02-12 19:21:01,111,151,98,146,50542,47489,680,680/hr,640,640/hr,412,11113,12578,0,7,0,40,0,1
2021-02-12 19:51:01,114,142,97,147,50838,47729,648,648/hr,571,571/hr,384,11170,12649,0,3,0,28,0,1
2021-02-12 20:21:01,110,130,96,147,51149,47979,553,553/hr,452,452/hr,354,11225,12714,0,0,0,20,0,1
2021-02-12 20:51:01,110,129,96,147,51504,48276,664,664/hr,535,535/hr,361,11280,12778,0,1,0,19,0,1
2021-02-12 21:21:01,97,126,95,146,51762,48510,539,539/hr,445,445/hr,350,11329,12841,0,4,0,29,0,1
2021-02-12 21:51:01,87,115,95,146,51969,48714,421,421/hr,401,401/hr,322,11372,12899,0,7,0,28,0,1
2021-02-12 22:21:01,83,111,94,146,52117,48913,353,353/hr,402,402/hr,301,11414,12954,0,11,0,28,0,1
2021-02-12 22:51:01,85,104,94,146,52249,49065,272,272/hr,341,341/hr,306,11456,13006,0,8,0,19,0,1
2021-02-12 23:21:01,103,105,94,146,52436,49234,316,316/hr,320,320/hr,305,11508,13059,0,0,0,2,0,0
2021-02-12 23:51:01,93,92,94,147,52686,49377,404,404/hr,274,274/hr,287,11554,13105,0,0,1,0,0,0
2021-02-13 00:21:01,82,89,94,148,52871,49511,445,445/hr,284,284/hr,270,11595,13149,0,1,0,7,0,0
2021-02-13 00:51:01,78,91,92,149,52976,49641,290,290/hr,265,265/hr,260,11634,13195,0,0,0,13,0,1
2021-02-13 01:21:01,91,91,93,150,53093,49753,222,222/hr,244,244/hr,276,11680,13240,0,0,0,0,0,0
2021-02-13 01:51:01,82,90,92,148,53286,49910,311,311/hr,270,270/hr,284,11721,13285,0,0,0,8,0,0
2021-02-13 02:21:01,89,87,94,148,53440,50080,348,348/hr,330,330/hr,296,11765,13329,0,1,2,0,0,0
2021-02-13 02:51:01,94,96,94,148,53612,50247,327,327/hr,337,337/hr,324,11812,13377,0,1,0,2,0,0
2021-02-13 03:21:01,98,108,94,148,53773,50371,327,327/hr,280,280/hr,353,11861,13431,0,4,0,10,0,1
2021-02-13 03:51:01,118,106,94,148,53969,50560,366,366/hr,336,336/hr,366,11920,13484,0,0,12,0,1,0
2021-02-13 04:21:01,114,119,94,148,54173,50739,402,402/hr,368,368/hr,368,11977,13543,0,0,0,5,0,0
2021-02-13 04:51:01,117,126,94,148,54373,50905,406,406/hr,345,345/hr,383,12036,13606,0,2,0,9,0,0
2021-02-13 05:21:01,129,135,94,148,54577,51094,405,405/hr,356,356/hr,382,12100,13674,0,0,0,6,0,0
2021-02-13 05:51:01,147,134,94,148,54836,51315,463,463/hr,410,410/hr,405,12174,13741,0,0,13,0,0,0
2021-02-13 06:21:01,136,135,93,148,55249,51597,666,666/hr,492,492/hr,388,12242,13808,0,0,1,0,0,0
2021-02-13 06:51:01,126,145,91,149,55518,51784,647,647/hr,421,421/hr,377,12305,13881,0,1,0,19,0,1
2021-02-13 07:21:02,98,127,91,149,55777,51990,474,474/hr,347,347/hr,380,12354,13944,0,0,0,29,0,1
2021-02-13 07:52:01,121,147,91,150,56172,52271,585,585/hr,429,429/hr,389,12417,14020,0,2,0,26,0,1
2021-02-13 08:22:01,137,162,91,151,56530,52474,720,720/hr,447,447/hr,427,12485,14101,0,1,0,25,0,1
2021-02-13 08:52:01,137,158,91,150,56882,52706,710,710/hr,435,435/hr,416,12554,14180,0,0,0,21,0,1
2021-02-13 09:22:01,127,165,91,150,57285,52997,756,756/hr,523,523/hr,416,12617,14263,0,2,0,38,0,1
2021-02-13 09:52:01,121,162,90,152,57620,53241,738,738/hr,535,535/hr,419,12678,14344,0,7,0,41,0,1
2021-02-13 10:22:02,132,170,89,153,57908,53496,616,616/hr,472,472/hr,459,12744,14429,0,10,0,38,0,1
2021-02-13 10:53:01,145,169,89,153,58178,53725,527,527/hr,443,443/hr,465,12818,14516,0,1,0,24,0,1
2021-02-13 11:23:01,146,173,89,153,58583,53982,659,659/hr,446,446/hr,481,12891,14602,0,3,0,27,0,1
2021-02-13 11:53:01,152,174,88,154,58940,54302,764,764/hr,578,578/hr,504,12967,14689,0,6,0,22,0,1
2021-02-13 12:23:01,160,197,88,154,59227,54577,645,645/hr,595,595/hr,494,13047,14788,3,7,0,37,0,1
2021-02-13 12:53:01,167,194,87,154,59626,54922,685,685/hr,626,626/hr,496,13131,14885,0,0,0,27,0,1
2021-02-13 13:23:01,172,195,87,154,60017,55247,790,790/hr,670,670/hr,494,13217,14982,1,4,0,23,0,1
2021-02-13 13:53:01,166,185,88,151,60405,55641,779,779/hr,719,719/hr,468,13300,15075,0,9,0,19,0,1
2021-02-13 14:23:01,164,181,87,153,60762,55949,722,722/hr,697,697/hr,455,13382,15165,0,12,0,17,0,1
2021-02-13 14:53:01,157,166,86,152,61174,56243,769,769/hr,602,602/hr,425,13460,15248,0,9,0,9,0,0
2021-02-13 15:23:01,155,149,86,153,61619,56508,844,844/hr,553,553/hr,401,13538,15323,0,8,6,0,0,0
2021-02-13 15:53:01,170,150,86,152,61990,56800,815,815/hr,554,554/hr,405,13623,15398,0,5,20,0,1,0
2021-02-13 16:23:01,176,140,86,152,62354,57098,736,736/hr,592,592/hr,402,13711,15468,0,1,36,0,1,0
2021-02-13 16:53:01,167,140,86,153,62797,57388,807,807/hr,588,588/hr,389,13794,15538,0,2,27,0,1,0
2021-02-13 17:23:01,161,154,86,153,63150,57715,797,797/hr,620,620/hr,378,13875,15615,0,4,7,0,0,0
2021-02-13 17:53:01,153,140,86,152,63484,57998,679,679/hr,608,608/hr,364,13951,15685,0,0,13,0,0,0
2021-02-13 18:23:01,137,148,86,152,63977,58358,820,820/hr,641,641/hr,360,14020,15759,0,0,0,11,0,0
2021-02-13 18:53:01,132,162,86,153,64374,58661,890,890/hr,663,663/hr,348,14086,15840,0,2,0,30,0,1
2021-02-13 19:23:01,132,160,86,153,64756,58938,779,779/hr,580,580/hr,355,14152,15920,0,0,0,28,0,1
2021-02-13 19:53:01,127,156,86,153,65069,59190,705,705/hr,536,536/hr,339,14215,15998,0,2,0,29,0,1
2021-02-13 20:23:01,116,163,84,155,65354,59417,607,607/hr,488,488/hr,326,14273,16079,0,1,0,47,0,1
2021-02-13 20:53:01,117,151,84,156,65519,59515,438,438/hr,302,302/hr,319,14332,16155,0,9,0,34,0,1
2021-02-13 21:23:02,114,145,84,155,65711,59687,369,369/hr,283,283/hr,312,14389,16227,2,5,0,31,0,1
2021-02-13 21:54:01,85,120,84,155,65856,59828,337,337/hr,313,313/hr,264,14433,16289,0,7,0,35,0,1
2021-02-13 22:24:01,97,122,84,156,65956,59955,245,245/hr,270,270/hr,252,14481,16350,0,0,0,25,0,1
2021-02-13 22:54:01,89,115,84,154,66042,60041,186,186/hr,213,213/hr,246,14526,16408,0,1,0,26,0,1
2021-02-13 23:24:01,99,99,84,154,66159,60096,222,222/hr,148,148/hr,229,14575,16457,0,0,0,0,0,0
2021-02-13 23:54:01,89,89,84,153,66272,60146,230,230/hr,105,105/hr,218,14620,16502,0,0,0,0,0,0
2021-02-14 00:24:01,73,93,84,155,66391,60204,248,248/hr,113,113/hr,206,14656,16548,0,0,0,20,0,1
2021-02-14 00:54:01,70,90,84,155,66457,60276,186,186/hr,131,131/hr,195,14691,16593,0,0,0,20,0,1
2021-02-14 01:24:01,69,93,84,155,66545,60367,192,192/hr,170,170/hr,199,14726,16640,0,0,0,24,0,1
2021-02-14 01:54:01,78,107,84,155,66687,60464,230,230/hr,188,188/hr,220,14765,16693,0,4,0,29,0,1
2021-02-14 02:24:01,90,117,84,155,66857,60615,322,322/hr,254,254/hr,237,14810,16752,0,2,0,27,0,1
2021-02-14 02:54:01,95,119,84,155,67076,60774,385,385/hr,310,310/hr,262,14857,16811,0,0,0,24,0,1
2021-02-14 03:24:01,94,115,84,155,67335,60964,478,478/hr,350,350/hr,249,14904,16869,0,0,0,21,0,1
2021-02-14 03:54:01,96,125,84,155,67518,61121,442,442/hr,347,347/hr,265,14952,16931,0,0,0,29,0,1
2021-02-14 04:24:01,116,132,84,156,67808,61334,484,484/hr,371,371/hr,291,15010,16997,0,0,0,16,0,1
2021-02-14 04:54:01,122,134,84,156,68085,61547,567,567/hr,426,426/hr,288,15071,17064,2,0,0,12,0,0
2021-02-14 05:24:01,128,126,85,155,68334,61861,507,507/hr,517,517/hr,306,15135,17127,3,0,2,0,0,0
2021-02-14 05:54:01,140,136,85,155,68556,62009,500,500/hr,479,479/hr,326,15205,17195,2,0,4,0,0,0
2021-02-14 06:24:02,131,144,86,154,68733,62151,396,396/hr,291,291/hr,329,15271,17267,1,2,0,13,0,0
2021-02-14 06:55:01,134,141,86,154,68946,62312,383,383/hr,302,302/hr,319,15340,17340,0,0,0,7,0,0
2021-02-14 07:25:01,141,133,86,154,69315,62536,581,581/hr,385,385/hr,330,15411,17407,0,0,8,0,0,0
2021-02-14 07:55:01,161,146,86,153,69690,62777,744,744/hr,465,465/hr,368,15491,17480,0,0,15,0,1,0
2021-02-14 08:25:01,150,151,86,152,70111,63072,785,785/hr,513,513/hr,368,15566,17555,0,0,0,1,0,0
2021-02-14 08:55:01,160,156,88,157,70600,63368,898,898/hr,583,583/hr,396,15646,17633,0,0,4,0,0,0
2021-02-14 09:25:01,177,164,88,160,71101,63640,989,989/hr,571,571/hr,430,15735,17715,0,0,13,0,0,0
2021-02-14 09:55:01,172,194,86,161,71516,63919,940,940/hr,562,562/hr,467,15821,17812,0,0,0,22,0,1
2021-02-14 10:25:01,183,215,87,163,71921,64298,825,825/hr,661,661/hr,512,15912,17920,0,10,0,32,0,1
2021-02-14 10:55:02,192,230,86,165,72274,64637,759,759/hr,719,719/hr,542,16008,18035,0,6,0,38,0,1
2021-02-14 11:26:01,192,234,85,167,72800,65143,864,864/hr,842,842/hr,525,16107,18156,0,4,0,42,0,1
2021-02-14 11:56:01,191,236,84,168,73302,65520,956,956/hr,835,835/hr,538,16203,18274,0,13,0,45,0,1
2021-02-14 12:26:01,185,232,84,168,73750,65923,917,917/hr,724,724/hr,522,16295,18390,0,10,0,47,0,1
2021-02-14 12:56:01,164,215,83,170,74233,66294,921,921/hr,725,725/hr,482,16377,18497,0,28,0,51,0,1
2021-02-14 13:26:01,183,225,81,170,74725,66660,960,960/hr,725,725/hr,489,16469,18610,0,8,0,42,0,1
2021-02-14 13:56:01,165,190,81,171,75107,66985,865,865/hr,694,694/hr,413,16551,18705,0,0,0,25,0,1
2021-02-14 14:26:01,159,165,81,172,75444,67285,685,685/hr,585,585/hr,383,16631,18787,0,3,0,6,0,0
2021-02-14 14:56:01,157,151,80,171,75749,67563,639,639/hr,573,573/hr,366,16709,18863,4,0,6,0,0,0
2021-02-14 15:26:01,145,151,80,172,76064,67830,605,605/hr,542,542/hr,357,16782,18938,1,0,0,6,0,0
2021-02-14 15:56:01,145,161,81,173,76337,68080,585,585/hr,517,517/hr,372,16854,19019,4,2,0,16,0,1
2021-02-14 16:26:01,150,153,81,174,76661,68331,598,598/hr,502,502/hr,360,16929,19095,1,5,0,3,0,0
2021-02-14 16:56:01,142,150,81,174,76956,68557,625,625/hr,478,478/hr,342,17000,19170,4,5,0,8,0,0
2021-02-14 17:26:01,131,150,81,174,77179,68756,521,521/hr,430,430/hr,337,17066,19245,0,3,0,19,0,1
2021-02-14 17:56:02,133,150,81,174,77369,68979,413,413/hr,422,422/hr,334,17132,19320,0,0,0,17,0,1
2021-02-14 18:27:01,134,147,81,174,77674,69248,471,471/hr,461,461/hr,341,17202,19396,1,6,0,13,0,1
2021-02-14 18:57:01,130,154,81,174,77935,69482,566,566/hr,503,503/hr,342,17267,19473,0,3,0,24,0,1
2021-02-14 19:27:01,117,148,81,174,78172,69689,486,486/hr,443,443/hr,328,17325,19547,0,5,0,31,0,1
2021-02-14 19:57:01,128,156,81,174,78412,69917,467,467/hr,430,430/hr,339,17389,19625,0,1,0,28,0,1
2021-02-14 20:27:01,122,139,81,174,78699,70177,534,534/hr,487,487/hr,309,17450,19695,0,0,0,17,0,1
2021-02-14 20:57:01,94,125,79,175,78944,70379,508,508/hr,439,439/hr,281,17497,19757,0,1,0,31,0,1
2021-02-14 21:27:01,92,117,79,176,79082,70502,436,436/hr,356,356/hr,270,17543,19816,0,2,0,25,0,1
2021-02-14 21:57:01,96,112,79,176,79228,70625,268,268/hr,229,229/hr,262,17591,19872,0,4,0,16,0,1
2021-02-14 22:27:02,103,113,78,176,79486,70791,393,393/hr,283,283/hr,267,17643,19928,0,0,0,10,0,1
2021-02-14 22:58:02,102,115,78,177,79700,70970,472,472/hr,345,345/hr,258,17695,19988,0,0,0,13,0,1
2021-02-14 23:29:01,89,104,78,177,79954,71256,438,438/hr,449,449/hr,245,17741,20041,0,0,0,15,0,1
2021-02-14 23:59:01,84,85,78,177,80199,71461,429,429/hr,425,425/hr,217,17783,20084,0,1,0,1,0,1
2021-02-15 00:29:01,75,89,78,177,80339,71583,403,403/hr,339,339/hr,205,17821,20128,0,0,0,14,0,1
2021-02-15 00:59:01,67,87,79,177,80514,71690,327,327/hr,235,235/hr,199,17854,20172,0,8,0,20,0,1
2021-02-15 01:29:01,62,79,79,178,80668,71786,335,335/hr,204,204/hr,185,17885,20211,0,2,0,17,0,1
2021-02-15 01:59:01,76,95,78,178,80842,71897,328,328/hr,203,203/hr,203,17923,20259,0,2,0,19,0,1
2021-02-15 02:29:01,74,92,78,178,81049,72012,382,382/hr,217,217/hr,211,17960,20305,1,4,0,18,0,1
2021-02-15 02:59:01,84,101,79,178,81212,72151,370,370/hr,254,254/hr,224,18002,20355,0,0,0,17,0,1
2021-02-15 03:29:02,80,97,79,178,81357,72246,310,310/hr,237,237/hr,224,18042,20404,0,0,0,17,0,1
2021-02-15 04:00:01,94,100,78,178,81544,72389,283,283/hr,218,218/hr,236,18091,20455,0,0,0,6,0,1
2021-02-15 04:30:01,99,102,79,178,81751,72522,364,364/hr,259,259/hr,241,18140,20506,1,0,0,3,0,1
2021-02-15 05:00:01,106,123,79,178,81963,72710,420,420/hr,323,323/hr,274,18193,20568,0,0,0,17,0,1
2021-02-15 05:30:01,116,116,79,178,82270,72972,521,521/hr,448,448/hr,268,18251,20626,0,0,0,0,0,0
2021-02-15 06:00:01,117,112,79,178,82495,73163,532,532/hr,453,453/hr,265,18310,20682,2,0,5,0,1,0
2021-02-15 06:30:01,118,106,79,178,82771,73370,486,486/hr,371,371/hr,272,18369,20735,0,2,12,0,1,0
2021-02-15 07:00:01,117,112,79,178,82956,73526,414,414/hr,346,346/hr,275,18427,20791,0,2,5,0,1,0
2021-02-15 07:30:01,126,128,79,178,83189,73627,423,423/hr,261,261/hr,303,18490,20855,4,2,0,2,0,1
2021-02-15 08:00:02,129,140,79,178,83445,73829,498,498/hr,319,319/hr,329,18555,20925,0,6,0,11,0,1
2021-02-15 08:31:01,126,146,79,177,83759,74074,542,542/hr,417,417/hr,327,18620,21000,0,0,0,20,0,1
2021-02-15 09:01:01,138,152,79,178,84033,74304,552,552/hr,435,435/hr,348,18689,21076,0,2,0,14,0,1
2021-02-15 09:31:02,139,169,79,178,84380,74624,646,646/hr,581,581/hr,362,18758,21161,0,1,0,30,0,1
2021-02-15 10:02:01,154,169,79,178,84709,74877,676,676/hr,573,573/hr,393,18838,21248,1,1,0,15,0,1
2021-02-15 10:32:01,158,186,79,178,85166,75180,829,829/hr,590,590/hr,415,18917,21341,5,4,0,28,0,1
2021-02-15 11:02:01,151,186,79,178,85545,75507,834,834/hr,633,633/hr,401,18992,21434,0,3,0,35,0,1
2021-02-15 11:32:01,170,209,79,178,85906,75766,743,743/hr,587,587/hr,452,19077,21539,0,9,0,39,0,1
2021-02-15 12:02:01,185,222,79,177,86290,76008,745,745/hr,501,501/hr,497,19170,21650,0,12,0,37,0,1
2021-02-15 12:32:01,173,208,80,177,86799,76298,897,897/hr,533,533/hr,474,19256,21754,0,19,0,35,0,1
2021-02-15 13:02:01,177,211,80,177,87248,76598,958,958/hr,589,589/hr,461,19345,21859,0,18,0,34,0,1
2021-02-15 13:32:01,145,209,79,177,87767,76878,968,968/hr,584,584/hr,430,19417,21964,0,14,0,64,0,1
2021-02-15 14:02:01,126,195,79,178,88043,77142,795,795/hr,546,546/hr,412,19480,22061,0,22,0,69,0,1
2021-02-15 14:32:01,132,195,79,178,88438,77387,729,729/hr,534,534/hr,391,19546,22159,0,3,0,63,0,1
2021-02-15 15:02:01,119,170,78,178,88846,77684,868,868/hr,588,588/hr,364,19606,22244,0,14,0,51,0,1
2021-02-15 15:32:01,125,171,76,179,89143,77941,711,711/hr,560,560/hr,354,19668,22329,0,11,0,46,0,1
2021-02-15 16:02:01,116,156,77,179,89417,78169,571,571/hr,485,485/hr,330,19726,22407,0,11,0,40,0,1
2021-02-15 16:32:01,117,154,76,180,89678,78383,555,555/hr,452,452/hr,321,19785,22484,2,4,0,37,0,1
2021-02-15 17:02:01,131,151,76,181,89937,78569,513,513/hr,399,399/hr,330,19850,22560,0,0,0,20,0,1
2021-02-15 17:32:01,139,155,76,181,90246,78776,569,569/hr,396,396/hr,342,19920,22637,0,0,0,16,0,1
2021-02-15 18:02:01,126,152,76,181,90516,78962,579,579/hr,393,393/hr,323,19983,22713,0,5,0,26,0,1
2021-02-15 18:32:01,125,151,73,183,90852,79121,606,606/hr,347,347/hr,331,20045,22789,0,17,0,26,0,1
2021-02-15 19:02:01,122,143,72,183,91208,79321,690,690/hr,370,370/hr,317,20106,22860,0,6,0,21,0,1
2021-02-15 19:32:01,125,138,72,183,91568,79502,717,717/hr,383,383/hr,311,20169,22929,0,12,0,13,0,1
2021-02-15 20:02:01,114,121,72,182,91850,79642,641,641/hr,321,321/hr,294,20226,22990,0,15,0,7,0,1
2021-02-15 20:32:01,118,130,71,183,92099,79802,534,534/hr,302,302/hr,294,20285,23055,0,3,0,12,0,1
2021-02-15 21:02:01,95,115,71,186,92331,79978,505,505/hr,352,352/hr,252,20332,23112,0,3,0,20,0,1
2021-02-15 21:32:01,87,103,71,186,92597,80173,499,499/hr,373,373/hr,226,20376,23164,0,7,0,16,0,1
2021-02-15 22:02:01,76,91,70,187,92817,80335,482,482/hr,349,349/hr,218,20414,23209,0,14,0,15,0,1
2021-02-15 22:32:01,67,83,70,187,93034,80473,440,440/hr,302,302/hr,205,20447,23251,0,17,0,16,0,1
2021-02-15 23:02:01,68,83,70,187,93220,80590,403,403/hr,255,255/hr,202,20481,23292,0,19,0,15,0,1
2021-02-15 23:32:01,62,79,70,187,93439,80736,410,410/hr,263,263/hr,194,20512,23332,0,9,0,17,0,1
2021-02-16 00:02:01,53,70,70,187,93585,80844,370,370/hr,254,254/hr,188,20539,23367,0,19,0,17,0,1
2021-02-16 00:32:01,62,82,70,187,93696,80957,298,298/hr,256,256/hr,180,20570,23408,0,2,0,20,0,1
2021-02-16 01:02:01,57,72,68,187,93823,81071,239,239/hr,227,227/hr,176,20598,23444,0,10,0,15,0,1
2021-02-16 01:32:02,53,75,69,187,93971,81170,278,278/hr,213,213/hr,184,20625,23481,0,19,0,22,0,1
2021-02-16 02:03:01,55,71,69,187,94087,81244,260,260/hr,174,174/hr,193,20653,23518,0,34,0,16,0,1
2021-02-16 02:33:01,59,76,69,187,94273,81329,302,302/hr,161,161/hr,211,20683,23556,0,30,0,17,0,1
2021-02-16 03:03:01,68,80,69,187,94457,81430,370,370/hr,186,186/hr,207,20717,23596,0,21,0,12,0,1
2021-02-16 03:33:01,67,83,69,187,94659,81521,383,383/hr,197,197/hr,205,20750,23637,0,29,0,16,0,1
2021-02-16 04:03:01,66,89,69,187,94860,81637,398,398/hr,203,203/hr,210,20783,23682,0,21,0,23,0,1
2021-02-16 04:33:01,71,90,69,187,95142,81767,482,482/hr,249,249/hr,221,20819,23727,0,28,0,19,0,1
2021-02-16 05:03:01,70,90,69,187,95320,81902,460,460/hr,265,265/hr,225,20854,23772,0,32,0,20,0,1
2021-02-16 05:33:01,70,100,68,187,95500,82032,358,358/hr,271,271/hr,219,20889,23822,1,23,0,30,0,1
2021-02-16 06:03:01,71,91,68,187,95691,82182,365,365/hr,279,279/hr,226,20924,23867,0,36,0,20,0,1
2021-02-16 06:33:01,75,105,68,187,95968,82373,478,478/hr,351,351/hr,247,20962,23920,4,23,0,30,0,1
2021-02-16 07:03:02,88,116,68,187,96129,82521,438,438/hr,339,339/hr,250,21006,23978,3,14,0,28,0,1
2021-02-16 07:33:02,87,116,68,187,96350,82652,382,382/hr,280,280/hr,255,21049,24036,0,13,0,29,0,1
2021-02-16 08:04:01,97,121,68,187,96567,82817,462,462/hr,314,314/hr,268,21099,24098,0,16,0,24,0,1
2021-02-16 08:34:01,95,127,68,187,96830,83010,480,480/hr,358,358/hr,273,21147,24162,0,17,0,32,0,1
2021-02-16 09:04:01,106,130,68,187,97009,83202,434,434/hr,385,385/hr,287,21200,24227,0,5,0,24,0,1
2021-02-16 09:34:01,118,144,68,187,97275,83459,448,448/hr,452,452/hr,312,21259,24299,0,4,0,26,0,1
2021-02-16 10:04:01,121,150,68,187,97509,83644,491,491/hr,436,436/hr,333,21319,24374,3,8,0,29,0,1
2021-02-16 10:34:01,140,167,67,187,97823,83915,521,521/hr,454,454/hr,361,21389,24457,1,7,0,27,0,1
2021-02-16 11:04:01,151,158,67,188,98143,84183,631,631/hr,528,528/hr,365,21465,24536,0,6,0,7,0,1
2021-02-16 11:34:01,164,170,66,189,98417,84428,594,594/hr,513,513/hr,392,21547,24621,6,8,0,6,0,1
2021-02-16 12:04:01,158,170,66,186,98729,84699,603,603/hr,526,526/hr,381,21626,24706,0,13,0,12,0,1
2021-02-16 12:34:01,161,177,66,188,98969,85020,560,560/hr,600,600/hr,397,21706,24795,2,10,0,16,0,1
2021-02-16 13:04:01,137,165,66,189,99319,85317,586,586/hr,613,613/hr,368,21775,24877,0,21,0,28,0,1
2021-02-16 13:34:01,148,158,66,189,99627,85678,661,661/hr,659,659/hr,356,21849,24956,3,7,0,10,0,1
2021-02-16 14:04:01,131,151,66,188,99894,85933,578,578/hr,620,620/hr,339,21914,25032,0,5,0,20,0,1
2021-02-16 14:34:01,128,143,67,188,100126,86224,529,529/hr,582,582/hr,0,21978,25103,0,6,0,15,0,1
2021-02-16 15:04:01,123,146,67,188,100361,86442,460,460/hr,495,495/hr,324,22040,25176,0,15,0,23,0,1
2021-02-16 15:34:01,123,146,67,187,100673,86709,555,555/hr,506,506/hr,313,22101,25249,0,11,0,23,0,1
2021-02-16 16:04:02,121,144,67,186,100951,86936,602,602/hr,500,500/hr,321,22162,25321,3,3,0,23,0,1
2021-02-16 16:35:01,117,139,67,188,101232,87200,550,550/hr,476,476/hr,317,22222,25393,0,7,0,22,0,1
2021-02-16 17:05:01,125,138,68,187,101517,87429,532,532/hr,476,476/hr,377,22285,25462,0,0,0,13,0,1
2021-02-16 17:35:01,125,131,68,185,101821,87695,581,581/hr,497,497/hr,388,22347,25528,0,0,0,6,0,1
2021-02-16 18:05:01,118,126,69,184,102104,87948,581,581/hr,504,504/hr,383,22406,25591,0,2,0,8,0,1
2021-02-16 18:35:01,116,138,69,183,102408,88226,589,589/hr,531,531/hr,372,22464,25660,1,3,0,22,0,1
2021-02-16 19:05:01,114,127,70,184,102668,88474,558,558/hr,534,534/hr,345,22521,25723,0,3,0,13,0,1
2021-02-16 19:35:01,111,119,71,183,102930,88763,497,497/hr,510,510/hr,325,22577,25783,0,1,0,8,0,1
2021-02-16 20:05:01,111,120,73,181,103166,89019,521,521/hr,571,571/hr,321,22632,25843,0,3,0,9,0,1
2021-02-16 20:35:01,118,116,73,182,103391,89286,469,469/hr,529,529/hr,323,22691,25901,2,0,2,0,1,0
2021-02-16 21:05:01,120,102,74,182,103646,89566,499,499/hr,576,576/hr,299,22751,25952,1,0,18,0,1,0
2021-02-16 21:35:02,119,85,75,181,103836,89786,448,448/hr,500,500/hr,280,22811,25994,0,0,34,0,1,0
2021-02-16 22:06:01,115,62,76,179,104013,90004,367,367/hr,438,438/hr,237,22870,26026,0,0,53,0,1,0
2021-02-16 22:36:01,102,59,79,176,104118,90119,313,313/hr,371,371/hr,223,22921,26056,0,0,43,0,1,0
2021-02-16 23:06:02,98,48,81,175,104227,90224,206,206/hr,216,216/hr,215,22970,26080,0,0,50,0,1,0
2021-02-16 23:37:01,78,52,82,172,104325,90273,198,198/hr,136,136/hr,195,23011,26107,0,0,26,0,1,0
2021-02-17 00:07:01,87,61,82,173,104410,90325,184,184/hr,101,101/hr,209,23054,26137,0,0,26,0,1,0
2021-02-17 00:37:01,92,64,83,173,104531,90387,208,208/hr,116,116/hr,216,23100,26169,0,0,28,0,1,0
2021-02-17 01:07:01,86,67,84,173,104622,90471,206,206/hr,137,137/hr,212,23143,26203,0,0,19,0,1,0
2021-02-17 01:37:01,86,72,84,173,104752,90566,222,222/hr,179,179/hr,213,23186,26239,0,0,14,0,1,0
2021-02-17 02:07:01,86,68,82,175,104865,90649,225,225/hr,170,170/hr,208,23229,26273,0,0,18,0,1,0
2021-02-17 02:37:01,97,65,82,174,104976,90719,226,226/hr,158,158/hr,214,23278,26305,0,0,32,0,1,0
2021-02-17 03:07:01,104,66,84,172,105075,90774,214,214/hr,127,127/hr,221,23330,26338,0,0,38,0,1,0
2021-02-17 03:37:01,93,71,85,170,105133,90834,159,159/hr,115,115/hr,225,23376,26374,0,0,22,0,1,0
2021-02-17 04:07:01,106,79,86,166,105222,90879,150,150/hr,105,105/hr,243,23429,26413,0,0,27,0,1,0
2021-02-17 04:37:01,116,87,89,165,105350,90958,221,221/hr,125,125/hr,286,23487,26457,3,0,29,0,1,0
2021-02-17 05:07:01,126,89,89,165,105489,91059,274,274/hr,174,174/hr,298,23550,26501,2,0,37,0,1,0
2021-02-17 05:37:02,129,91,89,164,105607,91165,257,257/hr,206,206/hr,290,23615,26547,2,0,38,0,1,0
2021-02-17 06:08:01,130,89,89,164,105733,91258,243,243/hr,199,199/hr,289,23682,26593,7,0,41,0,1,0
2021-02-17 06:38:01,138,99,90,161,105876,91323,251,251/hr,154,154/hr,303,23751,26642,5,0,39,0,1,0
2021-02-17 07:08:01,145,111,94,159,106027,91440,281,281/hr,178,178/hr,317,23823,26698,1,0,34,0,1,0
2021-02-17 07:38:01,143,111,95,158,106180,91599,295,295/hr,273,273/hr,324,23895,26753,0,0,32,0,1,0
2021-02-17 08:08:01,139,117,96,155,106331,91783,280,280/hr,321,321/hr,316,23964,26812,1,0,22,0,1,0
2021-02-17 08:38:01,146,106,97,155,106476,91972,301,301/hr,373,373/hr,327,24037,26865,8,0,40,0,1,0
2021-02-17 09:08:01,161,116,98,155,106619,92127,287,287/hr,347,347/hr,340,24118,26923,3,0,45,0,1,0
2021-02-17 09:38:02,164,115,99,154,106848,92274,387,387/hr,313,313/hr,366,24200,26980,9,0,49,0,1,0
2021-02-17 10:09:01,172,127,100,152,107034,92460,411,411/hr,326,326/hr,389,24289,27046,9,0,45,0,1,0
2021-02-17 10:39:01,180,139,102,152,107272,92691,397,397/hr,411,411/hr,400,24379,27115,4,1,41,0,1,0
2021-02-17 11:09:01,173,142,102,152,107449,92919,415,415/hr,459,459/hr,401,24465,27186,4,0,31,0,1,0
2021-02-17 11:39:01,193,157,102,150,107628,93141,356,356/hr,450,450/hr,435,24562,27265,7,0,36,0,1,0
2021-02-17 12:09:01,199,159,104,146,107863,93381,387,387/hr,409,409/hr,430,24661,27344,9,0,40,0,1,0
2021-02-17 12:39:01,191,149,106,144,108101,93669,443,443/hr,511,511/hr,432,24757,27419,17,0,42,0,1,0
2021-02-17 13:09:01,194,143,108,141,108265,93888,402,402/hr,507,507/hr,433,24854,27490,23,0,51,0,1,0
2021-02-17 13:39:01,188,145,107,141,108434,94083,340,340/hr,427,427/hr,423,24948,27563,15,0,43,0,1,0
2021-02-17 14:09:02,183,135,109,141,108628,94278,345,345/hr,384,384/hr,383,25039,27630,7,0,48,0,1,0
2021-02-17 14:40:01,177,132,110,138,108842,94529,390,390/hr,427,427/hr,361,25131,27698,6,0,45,0,1,0
2021-02-17 15:10:01,178,135,112,139,109000,94698,372,372/hr,417,417/hr,366,25220,27766,6,0,43,0,1,0
2021-02-17 15:40:01,168,126,114,139,109176,94881,309,309/hr,339,339/hr,358,25304,27829,1,0,42,0,1,0
2021-02-17 16:10:02,155,126,113,138,109356,95036,348,348/hr,321,321/hr,339,25381,27892,3,0,29,0,1,0
2021-02-17 16:40:02,152,122,115,139,109552,95240,384,384/hr,366,366/hr,335,25457,27953,3,0,30,0,1,0
2021-02-17 17:11:01,161,125,113,140,109824,95423,448,448/hr,365,365/hr,339,25540,28017,7,0,36,0,1,0
2021-02-17 17:41:01,146,110,113,140,110000,95621,418,418/hr,366,366/hr,308,25613,28072,9,0,36,0,1,0
2021-02-17 18:11:01,140,114,114,140,110187,95779,364,364/hr,369,369/hr,293,25683,28129,1,0,26,0,1,0
2021-02-17 18:41:01,139,126,112,141,110362,95936,347,347/hr,308,308/hr,303,25753,28192,1,0,13,0,0,0
2021-02-17 19:11:01,130,121,112,143,110513,96124,291,291/hr,341,341/hr,289,25818,28253,0,0,9,0,0,0
2021-02-17 19:41:01,135,100,112,142,110663,96319,307,307/hr,380,380/hr,271,25885,28303,0,0,35,0,1,0
2021-02-17 20:11:01,119,99,112,142,110806,96474,301,301/hr,354,354/hr,271,25945,28352,5,0,20,0,1,0
2021-02-17 20:41:01,118,101,111,141,110948,96611,287,287/hr,296,296/hr,260,26004,28403,1,0,17,0,1,0
2021-02-17 21:11:01,103,106,112,142,111058,96723,252,252/hr,249,249/hr,250,26055,28456,4,0,0,3,0,0
2021-02-17 21:41:01,97,99,113,142,111183,96858,238,238/hr,260,260/hr,237,26104,28505,4,0,0,2,0,0
2021-02-17 22:11:01,102,79,111,142,111318,96966,260,260/hr,243,243/hr,218,26155,28545,3,0,23,0,1,0
2021-02-17 22:41:02,95,81,110,141,111442,97064,265,265/hr,220,220/hr,216,26202,28585,4,0,14,0,1,0
2021-02-17 23:12:01,89,78,110,143,111521,97187,174,174/hr,201,201/hr,216,26248,28626,4,0,11,0,1,0
2021-02-17 23:42:01,94,70,111,145,111610,97295,169,169/hr,234,234/hr,204,26295,28661,6,0,24,0,1,0
2021-02-18 00:12:01,92,68,111,143,111704,97428,190,190/hr,243,243/hr,205,26341,28695,9,0,24,0,1,0
2021-02-18 00:42:01,83,65,110,144,111789,97561,176,176/hr,260,260/hr,195,26383,28727,7,0,18,0,1,0
2021-02-18 01:12:01,91,72,112,141,111863,97703,150,150/hr,268,268/hr,206,26428,28763,7,0,19,0,1,0
2021-02-18 01:42:01,93,74,111,141,112010,97841,204,204/hr,238,238/hr,218,26475,28800,9,0,19,0,1,0
2021-02-18 02:12:01,94,73,111,140,112155,97988,270,270/hr,245,245/hr,223,26522,28837,13,0,21,0,1,0
2021-02-18 02:42:01,92,83,109,140,112293,98133,290,290/hr,307,307/hr,222,26568,28878,7,0,9,0,1,0
2021-02-18 03:12:01,79,85,110,140,112383,98204,230,230/hr,220,220/hr,214,26607,28921,8,0,0,6,0,0
2021-02-18 03:42:01,98,82,112,138,112439,98261,143,143/hr,115,115/hr,214,26656,28962,1,0,16,0,1,0
2021-02-18 04:12:01,104,100,112,139,112504,98312,122,122/hr,109,109/hr,236,26708,29012,0,0,4,0,0,0
2021-02-18 04:42:01,107,105,113,137,112634,98484,196,196/hr,223,223/hr,254,26762,29064,0,0,2,0,0,0
2021-02-18 05:12:01,122,117,114,135,112733,98617,229,229/hr,305,305/hr,276,26823,29123,2,4,5,0,0,0
2021-02-18 05:42:01,125,116,114,135,112913,98748,280,280/hr,266,266/hr,294,26885,29181,2,3,9,0,0,0
2021-02-18 06:12:01,121,118,115,134,113027,98875,293,293/hr,254,254/hr,294,26946,29240,3,6,3,0,0,0
2021-02-18 06:42:01,128,120,115,132,113243,99009,331,331/hr,261,261/hr,299,27010,29300,1,1,8,0,0,0
2021-02-18 07:12:01,135,126,118,132,113464,99167,430,430/hr,290,290/hr,316,27077,29363,4,2,9,0,0,0
2021-02-18 07:42:01,133,122,116,134,113686,99312,448,448/hr,305,305/hr,306,27144,29424,1,5,11,0,0,0
2021-02-18 08:12:02,131,128,116,137,113871,99465,413,413/hr,298,298/hr,324,27209,29488,8,0,3,0,0,0
2021-02-18 08:43:01,150,137,115,140,114116,99661,424,424/hr,337,337/hr,336,27287,29559,5,0,13,0,0,0
2021-02-18 09:13:01,154,139,115,141,114303,99860,420,420/hr,383,383/hr,353,27364,29628,9,2,15,0,1,0
2021-02-18 09:43:01,164,144,115,141,114549,100071,434,434/hr,413,413/hr,361,27446,29700,4,0,20,0,1,0
2021-02-18 10:13:01,173,159,115,141,114790,100281,489,489/hr,422,422/hr,380,27532,29780,2,0,14,0,0,0
2021-02-18 10:43:01,183,174,115,141,115108,100518,559,559/hr,448,448/hr,410,27624,29867,0,1,9,0,0,0
2021-02-18 11:13:01,181,178,115,141,115386,100805,598,598/hr,527,527/hr,416,27714,29956,3,0,3,0,0,0
2021-02-18 11:43:01,176,164,115,141,115701,101139,593,593/hr,623,623/hr,391,27802,30038,0,0,12,0,0,0
2021-02-18 12:13:01,177,154,115,141,115996,101449,617,617/hr,653,653/hr,383,27891,30115,6,0,23,0,1,0
2021-02-18 12:43:01,182,155,115,140,116348,101729,650,650/hr,575,575/hr,422,27982,30192,20,0,27,0,1,0
2021-02-18 13:13:01,183,160,115,142,116692,102056,695,695/hr,611,611/hr,406,28073,30272,6,0,23,0,1,0
2021-02-18 13:43:01,173,163,114,142,117010,102437,670,670/hr,708,708/hr,395,28160,30354,0,3,10,0,0,0
2021-02-18 14:13:01,178,162,110,143,117259,102748,569,569/hr,692,692/hr,389,28249,30435,1,0,16,0,0,0
2021-02-18 14:43:01,170,145,111,142,117554,103083,545,545/hr,646,646/hr,381,28334,30507,4,5,25,0,1,0
2021-02-18 15:13:01,149,150,110,144,117789,103325,532,532/hr,583,583/hr,352,28408,30582,0,0,0,1,0,0
2021-02-18 15:43:01,146,152,110,143,118000,103560,446,446/hr,479,479/hr,348,28481,30658,0,1,0,6,0,0
2021-02-18 16:13:01,146,170,111,143,118319,103886,535,535/hr,564,564/hr,354,28554,30743,0,0,0,24,0,1
2021-02-18 16:43:01,157,157,110,143,118641,104179,643,643/hr,621,621/hr,351,28633,30822,0,0,0,0,0,0
2021-02-18 17:13:01,146,166,109,144,118892,104398,574,574/hr,515,515/hr,350,28706,30905,0,0,0,20,0,1
2021-02-18 17:43:01,141,166,106,145,119178,104675,539,539/hr,498,498/hr,352,28776,30988,0,0,0,25,0,1
2021-02-18 18:13:01,141,162,105,146,119416,104954,522,522/hr,555,555/hr,350,28847,31069,0,0,0,21,0,1
2021-02-18 18:43:01,136,154,105,145,119720,105244,537,537/hr,560,560/hr,338,28915,31146,0,6,0,18,0,1
2021-02-18 19:13:01,128,148,105,147,119961,105493,545,545/hr,540,540/hr,386,28979,31220,0,0,0,20,0,1
2021-02-18 19:43:01,127,134,105,147,120217,105806,511,511/hr,570,570/hr,402,29042,31287,0,0,0,7,0,0
2021-02-18 20:13:01,123,129,105,147,120426,106055,465,465/hr,563,563/hr,412,29104,31351,0,0,0,6,0,0
2021-02-18 20:43:01,123,130,105,148,120660,106345,445,445/hr,587,587/hr,393,29165,31416,0,0,0,7,0,0
2021-02-18 21:13:01,114,122,105,148,120936,106613,510,510/hr,558,558/hr,360,29222,31477,0,1,0,8,0,0
2021-02-18 21:43:01,100,105,103,148,121136,106811,477,477/hr,470,470/hr,307,29272,31530,0,0,0,5,0,0
2021-02-18 22:13:01,92,86,105,147,121203,106896,334,334/hr,371,371/hr,267,29318,31573,0,0,6,0,0,0
2021-02-18 22:43:01,91,79,102,148,121273,106979,146,146/hr,177,177/hr,249,29364,31612,0,0,12,0,1,0
2021-02-18 23:13:01,94,73,103,148,121355,107048,155,155/hr,157,157/hr,228,29411,31649,1,0,21,0,1,0
2021-02-18 23:43:01,82,73,102,148,121480,107131,211,211/hr,154,154/hr,223,29452,31685,0,0,9,0,1,0
2021-02-19 00:13:01,80,80,102,148,121530,107181,175,175/hr,133,133/hr,218,29492,31725,2,0,0,0,0,0
2021-02-19 00:43:01,90,84,103,149,121616,107242,137,137/hr,116,116/hr,229,29537,31767,0,0,6,0,0,0
2021-02-19 01:13:01,94,85,103,148,121702,107297,174,174/hr,116,116/hr,233,29584,31810,0,0,9,0,1,0
2021-02-19 01:43:01,91,94,102,150,121783,107368,172,172/hr,133,133/hr,236,29629,31857,0,0,0,3,0,0
2021-02-19 02:13:01,90,98,102,149,121860,107451,158,158/hr,153,153/hr,244,29674,31906,0,0,0,8,0,0
2021-02-19 02:43:01,104,96,102,149,121968,107565,185,185/hr,202,202/hr,266,29726,31954,1,0,8,0,0,0
2021-02-19 03:13:01,113,91,102,149,122066,107670,210,210/hr,225,225/hr,265,29783,31999,0,0,22,0,1,0
2021-02-19 03:43:01,114,90,102,150,122185,107829,216,216/hr,263,263/hr,273,29840,32044,3,0,24,0,1,0
2021-02-19 04:13:01,113,94,102,151,122305,107957,239,239/hr,288,288/hr,264,29896,32091,0,0,19,0,1,0
2021-02-19 04:43:01,115,107,102,151,122456,108106,271,271/hr,278,278/hr,278,29954,32145,0,1,8,0,0,0
2021-02-19 05:13:01,116,108,102,150,122579,108232,277,277/hr,278,278/hr,283,30012,32199,1,0,8,0,0,0
2021-02-19 05:43:01,113,115,102,149,122726,108331,271,271/hr,225,225/hr,288,30068,32256,0,0,0,2,0,0
2021-02-19 06:13:01,118,121,103,150,122836,108460,257,257/hr,228,228/hr,314,30127,32317,0,0,0,3,0,0
2021-02-19 06:43:01,130,121,104,150,122985,108588,259,259/hr,260,260/hr,316,30192,32377,5,0,9,0,0,0
2021-02-19 07:13:02,131,108,105,148,123133,108731,315,315/hr,283,283/hr,316,30258,32431,4,0,23,0,1,0
2021-02-19 07:44:01,134,115,103,148,123351,108902,363,363/hr,314,314/hr,330,30327,32490,9,0,19,0,1,0
2021-02-19 08:14:01,136,120,102,149,123475,109045,341,341/hr,312,312/hr,345,30395,32550,4,1,16,0,1,0
2021-02-19 08:44:01,142,132,104,148,123627,109188,278,278/hr,287,287/hr,367,30466,32616,1,0,10,0,0,0
2021-02-19 09:14:01,150,138,104,148,123759,109330,284,284/hr,284,284/hr,386,30541,32685,7,2,12,0,0,0
2021-02-19 09:44:01,161,156,104,147,123919,109499,293,293/hr,310,310/hr,400,30621,32763,3,1,5,0,0,0
2021-02-19 10:14:01,159,173,105,146,124054,109664,295,295/hr,336,336/hr,435,30701,32850,11,4,0,14,0,0
2021-02-19 10:44:01,171,186,105,145,124200,109843,281,281/hr,345,345/hr,450,30786,32943,6,7,0,15,0,0
2021-02-19 11:14:01,191,195,105,147,124365,110064,313,313/hr,400,400/hr,490,30882,33040,1,3,0,4,0,0
2021-02-19 11:44:01,208,205,105,148,124559,110350,363,363/hr,508,508/hr,503,30986,33143,3,0,3,0,0,0
2021-02-19 12:14:01,223,204,105,149,124781,110574,418,418/hr,510,510/hr,522,31097,33245,6,0,19,0,0,0
2021-02-19 12:44:01,230,211,107,147,125172,110895,614,614/hr,546,546/hr,541,31212,33350,8,0,19,0,0,0
2021-02-19 13:14:01,220,217,107,147,125464,111187,683,683/hr,611,611/hr,538,31322,33459,6,0,3,0,0,0
2021-02-19 13:44:01,239,231,105,147,125738,111505,568,568/hr,611,611/hr,567,31442,33574,0,0,8,0,0,0
2021-02-19 14:14:01,230,218,105,147,126085,111898,621,621/hr,711,711/hr,556,31557,33683,5,0,12,0,0,0
2021-02-19 14:44:01,200,211,105,148,126389,112273,673,673/hr,802,802/hr,508,31657,33789,3,0,0,11,0,0
2021-02-19 15:14:01,194,205,105,148,126699,112502,615,615/hr,604,604/hr,474,31754,33891,2,0,0,11,0,0
2021-02-19 15:44:01,185,191,105,147,127037,112867,650,650/hr,594,594/hr,468,31846,33987,1,0,0,6,0,0
2021-02-19 16:14:01,184,195,105,147,127281,113145,585,585/hr,643,643/hr,469,31938,34084,1,0,0,11,0,0
2021-02-19 16:44:01,185,189,105,147,127565,113560,534,534/hr,693,693/hr,457,32031,34179,0,0,0,4,0,0
2021-02-19 17:14:01,177,179,105,149,127773,113787,497,497/hr,656,656/hr,442,32119,34268,0,0,0,2,0,0
2021-02-19 17:44:01,162,163,104,151,127968,114055,412,412/hr,500,500/hr,421,32200,34350,6,0,0,1,0,0
2021-02-19 18:14:01,176,149,106,147,128184,114314,416,416/hr,526,526/hr,410,32288,34424,2,0,27,0,1,0
2021-02-19 18:44:02,174,146,107,147,128422,114641,470,470/hr,599,599/hr,417,32376,34497,7,0,28,0,1,0
2021-02-19 19:15:01,153,142,107,148,128606,114889,422,422/hr,574,574/hr,376,32455,34571,1,1,11,0,0,0
2021-02-19 19:45:01,156,136,106,148,128774,115107,353,353/hr,466,466/hr,363,32533,34639,2,0,20,0,1,0
2021-02-19 20:15:01,137,128,106,147,128935,115255,330,330/hr,366,366/hr,328,32601,34703,1,0,9,0,0,0
2021-02-19 20:45:01,141,125,105,146,129122,115515,355,355/hr,409,409/hr,317,32672,34765,2,0,16,0,1,0
2021-02-19 21:15:01,143,116,105,146,129306,115710,372,372/hr,454,454/hr,312,32743,34823,3,0,27,0,1,0
2021-02-19 21:45:02,141,114,107,145,129484,115904,363,363/hr,389,389/hr,318,32814,34880,19,0,27,0,1,0
2021-02-19 22:16:01,147,118,107,145,129676,116134,382,382/hr,431,431/hr,306,32890,34941,8,0,29,0,1,0
2021-02-19 22:46:01,139,129,107,146,129880,116376,401,401/hr,478,478/hr,300,32959,35006,1,0,10,0,0,0
2021-02-19 23:16:01,132,119,107,146,130097,116654,425,425/hr,520,520/hr,280,33025,35065,0,1,13,0,1,0
2021-02-19 23:46:01,123,115,107,145,130330,116860,452,452/hr,484,484/hr,272,33087,35123,1,0,8,0,0,0
2021-02-20 00:16:01,123,108,108,145,130521,117056,452,452/hr,421,421/hr,270,33148,35177,2,0,15,0,1,0
2021-02-20 00:46:01,129,107,107,145,130750,117287,422,422/hr,422,422/hr,273,33213,35230,1,0,22,0,1,0
2021-02-20 01:16:01,111,104,109,142,130974,117509,458,458/hr,458,458/hr,248,33268,35282,0,0,7,0,0,0
2021-02-20 01:46:01,118,92,110,142,131151,117680,420,420/hr,411,411/hr,250,33327,35328,1,0,26,0,1,0
2021-02-20 02:16:01,115,85,109,143,131270,117780,299,299/hr,275,275/hr,245,33385,35371,7,0,30,0,1,0
2021-02-20 02:46:01,115,91,109,143,131439,117913,319,319/hr,270,270/hr,256,33442,35416,4,0,24,0,1,0
2021-02-20 03:16:01,124,98,109,142,131600,118036,329,329/hr,255,255/hr,274,33504,35465,6,0,26,0,1,0
2021-02-20 03:46:01,129,117,109,142,131762,118164,323,323/hr,252,252/hr,297,33569,35524,5,1,12,0,1,0
2021-02-20 04:16:01,134,133,109,142,131936,118291,329,329/hr,258,258/hr,315,33636,35590,0,4,1,0,0,0
2021-02-20 04:46:01,127,132,109,144,132134,118469,387,387/hr,318,318/hr,323,33699,35656,0,8,0,5,0,0
2021-02-20 05:16:02,134,140,108,145,132309,118606,387,387/hr,325,325/hr,326,33766,35726,2,7,0,6,0,0
2021-02-20 05:47:01,145,150,108,145,132525,118812,397,397/hr,347,347/hr,340,33841,35804,0,3,0,5,0,0
2021-02-20 06:17:01,163,137,109,145,132691,119049,384,384/hr,447,447/hr,353,33922,35872,6,0,26,0,1,0
2021-02-20 06:47:01,178,148,109,145,132865,119284,349,349/hr,483,483/hr,377,34011,35946,5,0,30,0,1,0
2021-02-20 07:17:02,181,161,109,145,133090,119552,400,400/hr,504,504/hr,389,34102,36027,0,0,20,0,1,0
2021-02-20 07:48:01,176,162,109,144,133369,119885,479,479/hr,571,571/hr,413,34193,36110,1,2,14,0,0,0
2021-02-20 08:18:01,188,193,108,143,133661,120170,571,571/hr,618,618/hr,429,34287,36207,0,4,0,5,0,0
2021-02-20 08:48:01,191,212,110,141,133985,120495,617,617/hr,609,609/hr,468,34382,36313,2,2,0,21,0,1
2021-02-20 09:18:01,196,227,110,141,134227,120755,561,561/hr,579,579/hr,509,34480,36426,0,2,0,31,0,1
2021-02-20 09:48:01,196,242,107,144,134528,121071,520,520/hr,537,537/hr,528,34578,36547,0,0,0,46,0,1
2021-02-20 10:18:01,185,240,105,143,134932,121440,700,700/hr,683,683/hr,488,34671,36667,1,0,0,55,0,1
2021-02-20 10:48:01,175,259,104,147,135323,121811,836,836/hr,755,755/hr,537,34758,36797,0,0,0,84,0,1
2021-02-20 11:18:01,172,262,103,149,135741,122217,792,792/hr,763,763/hr,546,34844,36928,0,2,0,90,0,1
2021-02-20 11:48:01,170,251,97,152,136127,122501,796,796/hr,620,620/hr,553,34929,37053,0,1,0,81,0,1
2021-02-20 12:18:01,175,237,93,157,136340,122763,626,626/hr,573,573/hr,541,35017,37172,0,1,0,62,0,1
2021-02-20 12:48:01,173,234,91,158,136596,123056,459,459/hr,547,547/hr,540,35103,37289,0,1,0,61,0,1
2021-02-20 13:18:01,184,232,90,159,136918,123315,580,580/hr,540,540/hr,538,35195,37405,0,0,0,48,0,1
2021-02-20 13:48:01,186,226,88,159,137193,123605,594,594/hr,554,554/hr,508,35288,37518,0,0,0,40,0,1
2021-02-20 14:18:01,181,224,85,152,137557,123936,621,621/hr,611,611/hr,508,35379,37630,1,0,0,43,0,1
2021-02-20 14:48:01,172,225,84,153,137978,124381,759,759/hr,754,754/hr,486,35465,37742,3,0,0,53,0,1
2021-02-20 15:18:01,167,226,82,159,138328,124703,789,789/hr,733,733/hr,471,35548,37855,0,0,0,59,0,1
2021-02-20 15:48:01,160,203,80,163,138720,125002,786,786/hr,656,656/hr,444,35628,37957,0,0,0,43,0,1
2021-02-20 16:18:01,137,197,77,165,138953,125162,621,621/hr,440,440/hr,416,35697,38055,0,5,0,60,0,1
2021-02-20 16:48:02,140,190,74,167,139218,125379,503,503/hr,377,377/hr,414,35767,38151,0,0,0,50,0,1
2021-02-20 17:19:01,141,195,71,173,139516,125652,523,523/hr,463,463/hr,410,35840,38251,0,0,0,54,0,1
2021-02-20 17:49:01,127,196,68,176,139723,125953,454,454/hr,520,520/hr,403,35903,38349,0,7,0,69,0,1
2021-02-20 18:19:01,134,179,67,181,139903,126165,378,378/hr,518,518/hr,392,35970,38439,7,12,0,45,0,1
2021-02-20 18:49:01,146,183,65,182,140203,126402,480,480/hr,454,454/hr,398,36043,38530,0,12,0,37,0,1
2021-02-20 19:19:01,141,189,66,183,140546,126673,655,655/hr,515,515/hr,399,36114,38625,0,11,0,48,0,1
2021-02-20 19:49:01,134,195,62,182,140890,126985,709,709/hr,599,599/hr,399,36181,38722,0,14,0,61,0,1
