Timestamp,WardenPlayers,ColonialPlayers,WardenCaptures,ColonialCaptures,WardenCasualties,ColonialCasualties,WardenCasualtyRate,ColonialCasualtyRate,SteamPlayers,WardenPlayHours,ColonialPlayHours,WardenQueued,ColonialQueued,WardenPlayersMore,ColonialPlayersMore,WardenQueueWarning,ColonialQueueWarning
2022-12-13 09:54:01,1,1,253,242,0,0,0,0,2487,0,0,0,0,0,0,0,0
2022-12-13 10:24:01,1121,1112,265,266,1360,1157,942,843,4023,560,556,34,59,9,0,0,0
2022-12-13 10:54:01,1234,1259,265,266,4619,3930,6054,4913,4128,1177,1185,4,43,0,25,0,0
2022-12-13 11:24:01,1253,1290,264,267,7574,6478,6172,5235,4247,1804,1830,10,30,0,37,0,0
2022-12-13 11:54:01,1235,1263,262,270,10997,9315,6447,5391,4162,2421,2462,8,41,0,28,0,0
2022-12-13 12:24:01,1191,1209,262,270,13819,12113,6251,5651,4084,3017,3066,16,35,0,18,0,0
2022-12-13 12:54:01,1165,1145,261,271,17085,14609,6062,5278,3906,3599,3639,14,37,20,0,0,0
2022-12-13 13:24:01,1118,1082,260,271,19873,16750,6151,4710,3790,4158,4180,25,18,36,0,0,0
2022-12-13 13:54:01,1040,1036,260,271,22632,18713,5671,4151,3616,4678,4698,6,35,4,0,0,0
2022-12-13 14:24:01,971,990,261,271,24853,20545,4971,3764,3496,5164,5193,6,37,0,19,0,0
2022-12-13 14:54:02,847,936,260,272,27213,22511,4600,3780,3210,5587,5661,1,35,0,89,0,1
2022-12-13 15:25:01,694,852,258,274,29025,24123,4095,3539,3113,5946,6101,4,35,0,158,0,1
2022-12-13 15:55:02,722,869,258,274,30664,25596,3371,3060,2911,6307,6535,0,14,0,147,0,1
2022-12-13 16:25:02,681,840,258,274,31891,26921,2855,2797,2858,6647,6955,1,23,0,159,0,1
2022-12-13 16:56:01,654,821,255,275,33195,28415,2518,2832,2778,6985,7379,0,25,0,167,0,1
2022-12-13 17:26:01,645,799,254,275,34553,29862,2691,2993,2709,7308,7779,0,22,0,154,0,1
2022-12-13 17:56:01,637,795,252,276,36129,31464,2953,3080,2673,7626,8176,0,26,0,158,0,1
2022-12-13 18:26:01,598,756,252,276,37442,32758,2830,2836,2617,7925,8554,2,15,0,158,0,1
2022-12-13 18:56:01,578,706,251,277,38928,34237,2744,2768,2470,8214,8907,3,14,0,128,0,1
2022-12-13 19:26:01,514,631,251,277,40019,35450,2570,2687,2298,8471,9223,1,25,0,117,0,1
2022-12-13 19:56:01,493,620,249,279,41063,36482,2159,2250,2196,8718,9533,1,15,0,127,0,1
2022-12-13 20:26:01,482,599,248,279,41884,37261,1874,1828,2101,8959,9832,2,18,0,117,0,1
2022-12-13 20:56:01,454,573,247,279,42842,38137,1821,1708,1999,9186,10119,0,18,0,119,0,1
2022-12-13 21:26:01,424,523,246,280,43678,38796,1830,1561,1950,9398,10380,0,17,0,99,0,1
2022-12-13 21:56:01,410,499,246,280,44402,39525,1561,1387,1806,9603,10630,6,19,0,89,0,1
2022-12-13 22:26:01,415,450,246,280,45143,40185,1471,1390,1722,9810,10855,2,15,0,35,0,0
2022-12-13 22:56:01,419,409,246,280,46068,40737,1664,1213,1638,10020,11059,2,14,10,0,0,0
2022-12-13 23:26:01,382,380,246,280,46704,41200,1502,986,1553,10211,11249,5,17,2,0,0,0
2022-12-13 23:56:01,361,385,246,280,47318,41680,1235,933,1506,10391,11442,2,17,0,24,0,0
2022-12-14 00:26:01,348,362,246,280,47861,42123,1149,912,1428,10565,11623,10,12,0,14,0,0
2022-12-14 00:56:01,353,351,246,280,48490,42552,1176,855,1435,10742,11798,6,18,2,0,0,0
2022-12-14 01:26:01,363,344,246,280,48907,42866,1045,743,1433,10923,11970,11,24,19,0,0,0
2022-12-14 01:56:01,386,369,246,280,49459,43292,976,747,1437,11116,12155,2,12,17,0,0,0
2022-12-14 02:26:01,398,374,246,280,49847,43616,882,740,1443,11315,12342,3,16,24,0,0,0
2022-12-14 02:56:01,396,389,246,280,50357,43999,900,707,1452,11513,12536,6,13,7,0,0,0
2022-12-14 03:26:01,375,403,246,280,50853,44348,989,732,1524,11701,12738,8,26,0,28,0,0
2022-12-14 03:56:01,390,431,246,280,51310,44759,958,770,1534,11896,12953,5,22,0,41,0,0
2022-12-14 04:26:01,426,447,246,280,51754,45212,898,860,1621,12109,13177,1,13,0,21,0,0
2022-12-14 04:56:01,422,470,246,280,52343,45708,1047,961,1671,12320,13412,1,10,0,48,0,0
2022-12-14 05:26:01,444,485,246,280,52880,46222,1136,1021,1744,12542,13654,0,21,0,41,0,0
2022-12-14 05:56:01,493,513,246,280,53482,46853,1154,1157,1784,12788,13911,1,16,0,20,0,0
2022-12-14 06:26:02,509,524,245,280,54156,47452,1260,1222,1877,13043,14173,2,11,0,15,0,0
2022-12-14 06:57:01,534,574,245,280,54938,48107,1454,1256,1959,13318,14469,7,26,0,40,0,0
2022-12-14 07:27:01,577,612,245,280,55662,48724,1445,1248,2109,13607,14775,7,6,0,35,0,0
2022-12-14 07:57:01,610,614,245,280,56593,49472,1633,1338,2207,13912,15082,5,21,0,4,0,0
2022-12-14 08:27:02,636,644,245,280,57553,50187,1930,1494,2291,14230,15405,0,12,0,8,0,0
2022-12-14 08:57:02,645,630,245,280,58578,51126,1972,1630,2301,14553,15720,7,24,15,0,0,0
2022-12-14 09:28:01,666,680,245,279,59371,51787,1811,1602,2328,14897,16071,2,14,0,14,0,0
2022-12-14 09:58:01,675,693,245,280,60351,52547,1767,1422,2449,15234,16417,13,30,0,18,0,0
2022-12-14 10:28:01,685,742,245,280,61227,53248,1814,1415,2607,15577,16788,1,22,0,57,0,0
2022-12-14 10:58:01,710,770,244,281,62260,54135,1838,1544,2635,15932,17173,1,27,0,60,0,0
2022-12-14 11:28:01,723,772,243,282,63279,55090,2020,1836,2663,16293,17559,1,23,0,49,0,0
2022-12-14 11:58:01,791,786,243,282,64538,56342,2197,2158,2724,16689,17952,0,5,5,0,0,0
2022-12-14 12:28:01,775,784,243,282,65812,57606,2515,2455,2778,17076,18344,0,13,0,9,0,0
2022-12-14 12:58:01,742,792,243,282,67422,58841,2968,2524,2744,17447,18740,6,31,0,50,0,0
2022-12-14 13:28:01,742,785,244,281,68704,59986,2751,2274,2748,17818,19133,6,26,0,43,0,0
2022-12-14 13:58:01,707,760,243,282,70271,61337,2775,2371,2668,18172,19513,3,24,0,53,0,0
2022-12-14 14:28:01,667,748,243,282,71582,62274,2828,2234,2625,18505,19887,0,23,0,81,0,1
2022-12-14 14:58:02,613,694,243,282,72896,63387,2465,1900,2557,18812,20234,0,18,0,81,0,1
2022-12-14 15:28:02,618,701,243,282,73900,64200,2246,1895,2477,19121,20584,0,29,0,83,0,1
2022-12-14 15:59:01,622,679,243,282,75016,65122,2085,1708,2424,19442,20935,7,29,0,57,0,0
2022-12-14 16:29:01,600,675,243,282,76180,65988,2307,1823,2377,19742,21273,2,23,0,75,0,1
2022-12-14 16:59:01,628,647,243,282,77122,66857,2024,1705,2353,20056,21596,1,24,0,19,0,0
2022-12-14 17:29:01,621,652,243,282,77967,67492,1653,1394,2328,20366,21922,4,13,0,31,0,0
2022-12-14 17:59:01,583,658,243,282,79094,68451,1970,1589,2316,20658,22251,3,11,0,75,0,1
2022-12-14 18:29:01,569,633,243,282,79992,69187,1953,1674,2274,20942,22568,0,12,0,64,0,1
2022-12-14 18:59:01,536,610,243,282,81006,70134,1878,1655,2189,21210,22873,3,18,0,74,0,1
2022-12-14 19:29:01,516,576,243,282,81896,70923,1900,1728,2116,21468,23161,0,30,0,60,0,1
2022-12-14 19:59:01,507,568,243,282,82810,71773,1803,1635,2035,21722,23445,7,18,0,61,0,1
2022-12-14 20:29:01,493,534,244,281,83606,72442,1693,1498,1960,21968,23712,2,10,0,41,0,0
2022-12-14 20:59:01,480,542,243,281,84598,73085,1773,1287,1874,22208,23983,1,10,0,62,0,1
2022-12-14 21:29:02,422,531,243,282,85372,73621,1683,1183,1795,22419,24248,10,22,0,109,0,1
2022-12-14 22:00:02,408,523,243,282,86362,74442,1693,1355,1697,22630,24518,0,20,0,115,0,1
2022-12-14 22:31:01,384,500,242,283,87690,75555,2005,1674,1648,22829,24777,6,26,0,116,0,1
2022-12-14 23:01:01,352,446,242,283,88296,76306,1640,1574,1541,23005,25000,3,33,0,94,0,1
2022-12-14 23:31:01,328,410,241,283,88756,76823,1065,1270,1464,23169,25205,10,39,0,82,0,1
2022-12-15 00:01:01,336,403,241,283,89334,77381,1039,1074,1384,23337,25406,3,25,0,67,0,1
2022-12-15 00:31:01,307,403,239,285,89894,77891,1139,1072,1341,23490,25608,1,17,0,96,0,1
2022-12-15 01:01:01,312,391,239,285,90402,78399,1069,1022,1312,23646,25803,4,18,0,79,0,1
2022-12-15 01:31:01,323,361,239,285,90915,78809,1020,922,1295,23808,25984,5,13,0,38,0,1
2022-12-15 02:01:01,353,366,239,285,91329,79184,926,785,1300,23984,26167,3,20,0,13,0,0
2022-12-15 02:31:01,338,383,239,285,91682,79533,767,724,1315,24153,26358,8,22,0,45,0,1
2022-12-15 03:01:01,379,399,239,285,92073,79977,755,805,1378,24343,26558,0,24,0,20,0,0
2022-12-15 03:31:01,388,420,239,285,92469,80378,795,852,1454,24537,26768,0,16,0,32,0,0
2022-12-15 04:01:02,400,435,239,285,92976,80876,958,958,1505,24737,26985,0,11,0,35,0,0
2022-12-15 04:32:01,371,421,239,285,93596,81325,1127,949,1535,24928,27203,2,18,0,50,0,1
2022-12-15 05:02:02,389,439,239,285,94092,81768,1115,900,1558,25123,27422,0,21,0,50,0,1
2022-12-15 05:33:01,401,457,239,285,94460,82102,840,737,1639,25330,27658,1,16,0,56,0,1
2022-12-15 06:03:01,420,474,238,285,95017,82574,928,806,1677,25540,27895,1,19,0,54,0,1
2022-12-15 06:33:01,460,492,238,286,95644,83135,1186,1036,1749,25770,28141,0,22,0,32,0,0
2022-12-15 07:03:01,509,526,236,285,96466,83945,1536,1466,1869,26024,28404,0,14,0,17,0,0
2022-12-15 07:33:01,564,563,236,285,97214,84649,1537,1513,1943,26306,28686,0,11,1,0,0,0
2022-12-15 08:03:01,616,593,237,285,98254,85606,1803,1679,2056,26614,28982,0,9,23,0,0,0
2022-12-15 08:33:01,622,581,237,285,99079,86444,1866,1798,2118,26925,29273,4,17,41,0,0,0
2022-12-15 09:03:01,663,619,237,286,100069,87386,1817,1780,2149,27257,29582,0,11,44,0,0,0
2022-12-15 09:33:01,702,641,236,287,100897,88276,1820,1833,2361,27608,29903,2,12,61,0,0,0
2022-12-15 10:03:01,710,643,236,287,101999,89265,1932,1882,2411,27963,30224,3,17,67,0,1,0
2022-12-15 10:33:01,721,665,236,287,103044,90032,2118,1694,2464,28323,30557,18,16,56,0,0,0
2022-12-15 11:03:01,778,717,236,287,104347,91023,2351,1760,2560,28712,30915,21,7,61,0,0,0
2022-12-15 11:33:01,776,739,235,288,105947,92217,2906,2186,2678,29100,31285,21,5,37,0,0,0
2022-12-15 12:03:01,810,776,235,288,107566,93690,3017,2616,2775,29505,31673,8,0,34,0,0,0
2022-12-15 12:33:01,844,797,235,288,109162,95094,3206,2874,2852,29927,32071,5,1,47,0,0,0
2022-12-15 13:03:01,807,803,235,288,111030,96843,3464,3153,2807,30331,32473,5,16,4,0,0,0
2022-12-15 13:33:01,761,777,235,288,112738,98400,3636,3406,2747,30711,32861,7,13,0,16,0,0
2022-12-15 14:03:02,751,725,235,288,114402,99977,3484,3225,2655,31087,33224,8,19,26,0,0,0
2022-12-15 14:34:01,750,694,236,287,115723,101161,2932,2725,2582,31474,33582,4,16,56,0,0,0
2022-12-15 15:04:01,676,673,236,287,117059,102183,2659,2204,2502,31812,33919,1,15,3,0,0,0
2022-12-15 15:34:01,655,683,236,287,118204,103154,2482,1992,2408,32140,34260,3,18,0,28,0,0
2022-12-15 16:04:01,645,653,236,287,119308,104096,2250,1913,2306,32462,34587,0,18,0,8,0,0
2022-12-15 16:34:02,619,648,236,287,120310,104997,2114,1851,2304,32772,34911,6,21,0,29,0,0
2022-12-15 17:05:02,606,665,236,287,121402,106001,2096,1892,2307,33085,35255,1,17,0,59,0,0
2022-12-15 17:36:01,597,648,236,287,122439,107133,2059,2088,2267,33394,35589,0,18,0,51,0,0
2022-12-15 18:06:02,615,664,236,287,123681,108338,2273,2333,2289,33701,35921,0,3,0,49,0,0
2022-12-15 18:37:01,567,630,235,287,124847,109397,2434,2284,2217,33994,36247,5,21,0,63,0,1
2022-12-15 19:07:01,545,613,235,287,126003,110411,2294,2064,2180,34266,36553,1,26,0,68,0,1
2022-12-15 19:37:01,532,594,233,288,127150,111361,2322,1990,2145,34532,36850,0,11,0,62,0,1
2022-12-15 20:07:01,538,567,233,288,128150,112318,2149,1908,2013,34801,37134,2,4,0,29,0,0
2022-12-15 20:37:01,522,539,233,289,129140,113213,1962,1839,1983,35062,37403,2,9,0,17,0,0
2022-12-15 21:07:01,483,517,234,287,130064,114228,1892,1876,1875,35304,37662,1,10,0,34,0,0
2022-12-15 21:37:01,443,502,232,289,130751,114899,1547,1597,1775,35525,37913,3,6,0,59,0,1
2022-12-15 22:07:02,405,463,232,288,131460,115471,1386,1229,1630,35728,38144,3,14,0,58,0,1
2022-12-15 22:38:01,366,441,232,289,132116,115951,1347,1018,1558,35917,38372,8,13,0,75,0,1
2022-12-15 23:08:01,360,415,231,290,132849,116411,1383,921,1537,36097,38580,3,14,0,55,0,1
2022-12-15 23:38:01,365,386,232,289,133518,116933,1410,986,1445,36280,38773,5,13,0,21,0,0
2022-12-16 00:08:01,330,373,232,289,134271,117423,1418,1005,1377,36445,38959,10,17,0,43,0,1
2022-12-16 00:38:01,328,391,232,289,134838,117890,1223,892,1342,36609,39155,2,24,0,63,0,1
2022-12-16 01:08:01,333,404,232,289,135318,118264,938,766,1320,36775,39357,2,10,0,71,0,1
2022-12-16 01:38:01,314,386,232,289,135823,118729,951,817,1330,36932,39550,3,24,0,72,0,1
2022-12-16 02:08:01,317,423,232,289,136213,119119,872,842,1338,37091,39761,0,9,0,106,0,1
2022-12-16 02:38:01,353,438,232,289,136675,119513,820,746,1423,37267,39980,5,11,0,85,0,1
2022-12-16 03:08:01,367,439,232,289,137189,119951,986,842,1436,37451,40200,4,19,0,72,0,1
2022-12-16 03:38:01,365,444,232,289,137594,120331,923,823,1463,37633,40422,5,25,0,79,0,1
2022-12-16 04:08:01,375,441,232,289,138087,120681,899,724,1486,37821,40642,7,28,0,66,0,1
2022-12-16 04:38:01,383,451,232,289,138620,121022,975,665,1537,38012,40868,9,41,0,68,0,1
2022-12-16 05:08:01,403,485,232,289,139172,121399,1051,685,1652,38214,41110,2,34,0,82,0,1
2022-12-16 05:38:01,413,496,232,289,139763,121919,1109,871,1685,38420,41358,3,23,0,83,0,1
2022-12-16 06:08:01,432,478,231,289,140469,122550,1329,1188,1689,38636,41597,19,44,0,46,0,1
2022-12-16 06:38:01,349,410,156,191,140812,122873,1182,1043,1778,38811,41802,8,17,0,61,0,1
2022-12-16 07:08:01,465,499,158,219,141586,123551,994,874,1783,39043,42052,12,19,0,34,0,0
2022-12-16 07:38:01,523,559,188,219,142347,124140,1338,1126,2015,39305,42331,3,20,0,36,0,0
2022-12-16 08:08:01,582,596,187,219,143258,124917,1676,1387,2156,39596,42629,3,15,0,14,0,0
2022-12-16 08:38:02,612,589,203,219,144220,125697,1860,1559,2189,39902,42924,12,16,23,0,0,0
2022-12-16 09:09:01,679,591,214,239,145311,126401,2022,1435,2297,40252,43229,7,24,88,0,1,0
2022-12-16 09:39:01,681,649,214,255,146323,127094,2004,1358,2396,40593,43553,2,4,32,0,0,0
2022-12-16 10:09:01,708,678,230,255,147485,127952,2210,1577,2424,40947,43892,6,5,30,0,0,0
2022-12-16 10:39:02,758,705,231,254,148777,128982,2429,1873,2476,41326,44245,0,6,53,0,0,0
2022-12-16 11:10:01,752,723,231,264,150180,130071,2646,2089,2574,41714,44619,2,19,29,0,0,0
2022-12-16 11:40:02,771,757,231,264,151493,131159,2593,2085,2652,42100,44997,11,39,14,0,0,0
2022-12-16 12:10:02,780,761,231,276,152911,132399,2759,2354,2728,42490,45378,9,37,19,0,0,0
2022-12-16 12:40:02,751,804,231,276,154249,133467,2755,2307,2739,42866,45780,7,30,0,53,0,0
2022-12-16 13:11:01,776,819,231,276,155519,134648,2597,2244,2758,43266,46203,2,21,0,43,0,0
2022-12-16 13:41:01,783,808,231,276,156819,135783,2490,2213,2787,43658,46607,3,23,0,25,0,0
2022-12-16 14:11:01,738,794,231,276,158350,136962,2961,2427,2746,44027,47004,11,26,0,56,0,0
2022-12-16 14:41:01,736,759,231,289,159679,138084,2908,2299,2705,44395,47383,7,25,0,23,0,0
2022-12-16 15:11:01,710,704,231,289,161208,139166,2796,2146,2639,44750,47735,7,35,6,0,0,0
2022-12-16 15:41:01,667,667,230,290,162389,140142,2745,2066,2496,45083,48069,13,32,0,0,0,0
2022-12-16 16:11:01,656,670,230,290,163790,141179,2605,2037,2427,45411,48404,2,24,0,14,0,0
2022-12-16 16:41:01,625,661,230,289,164920,142076,2559,1953,2357,45724,48734,2,29,0,36,0,0
2022-12-16 17:11:02,587,655,231,289,166028,143122,2204,1922,2295,46018,49062,4,43,0,68,0,1
2022-12-16 17:42:01,606,647,231,289,167005,144062,1888,1841,2298,46330,49396,4,24,0,41,0,0
2022-12-16 18:12:01,551,623,231,289,168114,144986,2061,1857,2291,46606,49707,10,31,0,72,0,1
2022-12-16 18:42:02,509,653,231,289,169040,145926,2008,1893,2261,46861,50034,1,9,0,144,0,1
2022-12-16 19:12:02,506,663,231,289,170332,147045,2317,2135,2232,47114,50366,3,18,0,157,0,1
2022-12-16 19:43:01,506,629,230,290,171374,148165,2294,2207,2191,47375,50690,14,30,0,123,0,1
2022-12-16 20:13:01,510,623,228,291,172335,149069,2012,2031,2153,47630,51002,18,26,0,113,0,1
2022-12-16 20:43:01,483,615,228,291,173381,149891,2006,1726,2108,47871,51309,7,28,0,132,0,1
2022-12-16 21:13:01,480,606,228,295,174422,150767,2104,1717,2016,48111,51612,8,27,0,126,0,1
2022-12-16 21:43:01,426,555,228,295,175406,151622,1967,1709,1892,48324,51890,7,30,0,129,0,1
2022-12-16 22:13:01,446,527,228,295,176251,152332,1805,1551,1844,48547,52153,8,20,0,81,0,1
2022-12-16 22:43:01,437,484,229,295,177240,152953,1783,1295,1692,48766,52395,1,15,0,47,0,1
2022-12-16 23:13:01,426,476,228,296,178220,153554,1961,1194,1659,48979,52633,1,17,0,50,0,1
2022-12-16 23:43:01,393,446,227,297,178976,154138,1719,1179,1616,49175,52856,0,22,0,53,0,1
2022-12-17 00:13:01,387,453,225,299,179733,154670,1526,1133,1556,49369,53083,4,28,0,66,0,1
2022-12-17 00:43:01,363,455,225,301,180298,155167,1253,996,1535,49550,53310,2,24,0,92,0,1
2022-12-17 01:13:01,354,450,223,306,180966,155640,1241,975,1484,49727,53535,1,12,0,96,0,1
2022-12-17 01:43:01,373,422,223,306,181506,156125,1217,967,1485,49914,53746,3,13,0,49,0,1
2022-12-17 02:13:01,403,418,223,306,181961,156517,970,841,1476,50115,53955,1,7,0,15,0,0
2022-12-17 02:43:01,404,433,223,307,182372,156879,844,735,1517,50317,54172,1,10,0,29,0,0
2022-12-17 03:13:01,401,461,223,307,182848,157297,888,781,1573,50518,54402,0,11,0,60,0,1
2022-12-17 03:43:01,416,484,223,307,183419,157690,1068,829,1653,50726,54644,5,22,0,68,0,1
2022-12-17 04:13:01,446,521,223,307,183983,158171,1139,906,1763,50949,54905,6,18,0,75,0,1
2022-12-17 04:43:01,451,544,222,307,184674,158682,1278,990,1865,51174,55177,18,24,0,93,0,1
2022-12-17 05:13:01,488,592,223,307,185357,159299,1343,1084,1911,51418,55473,2,10,0,104,0,1
2022-12-17 05:43:01,497,615,223,307,186003,159979,1369,1344,2018,51667,55780,3,15,0,118,0,1
2022-12-17 06:13:01,519,638,222,308,186843,160708,1519,1445,2071,51926,56099,0,16,0,119,0,1
2022-12-17 06:43:01,564,625,223,307,187712,161444,1726,1498,2135,52208,56412,3,13,0,61,0,1
2022-12-17 07:13:01,621,623,223,307,188655,162207,1833,1520,2207,52519,56723,0,7,0,2,0,0
2022-12-17 07:43:01,688,605,223,307,189746,163046,2082,1636,2295,52863,57026,1,16,83,0,1,0
2022-12-17 08:13:02,757,659,225,305,190902,163877,2301,1715,2330,53242,57356,0,5,98,0,1,0
2022-12-17 08:44:02,802,649,226,304,192045,164673,2220,1547,2485,53656,57691,0,5,153,0,1,0
2022-12-17 09:15:02,862,724,227,303,193356,165752,2420,1871,2512,54101,58065,11,5,138,0,1,0
2022-12-17 09:46:01,909,752,227,303,194860,166986,2647,2161,2780,54571,58453,5,6,157,0,1,0
2022-12-17 10:16:01,931,788,228,302,196364,168293,2888,2471,2870,55036,58847,7,0,143,0,1,0
2022-12-17 10:46:02,914,801,227,302,197972,169737,2971,2707,2942,55493,59248,16,10,113,0,1,0
2022-12-17 11:17:01,950,824,227,303,199544,171182,3085,2795,2962,55984,59674,11,9,126,0,1,0
2022-12-17 11:47:01,951,837,227,303,201363,172889,3249,2996,3041,56460,60092,9,16,114,0,1,0
2022-12-17 12:17:01,949,819,229,300,202926,174317,3422,3179,3039,56934,60502,1,17,130,0,1,0
2022-12-17 12:47:01,943,861,230,300,204368,175545,2979,2621,3053,57406,60932,2,2,82,0,0,0
2022-12-17 13:17:01,912,862,230,299,206182,177018,3272,2715,3041,57862,61363,9,14,50,0,0,0
2022-12-17 13:47:01,889,811,230,300,207780,178344,3443,2818,3002,58306,61769,17,14,78,0,0,0
2022-12-17 14:17:01,857,775,230,300,209251,179511,3132,2554,2924,58735,62156,7,15,82,0,1,0
2022-12-17 14:47:01,824,775,230,300,210473,180420,2646,2029,2837,59147,62544,10,18,49,0,0,0
2022-12-17 15:17:01,782,782,230,300,211589,181446,2259,1899,2782,59538,62935,1,25,0,0,0,0
2022-12-17 15:47:01,719,772,230,300,212762,182338,2183,1855,2724,59897,63321,5,27,0,53,0,0
2022-12-17 16:17:01,700,737,230,300,213733,183223,2113,1776,2590,60247,63689,10,33,0,37,0,0
2022-12-17 16:47:01,642,679,230,300,214797,184020,2057,1700,2460,60568,64029,4,24,0,37,0,0
2022-12-17 17:17:01,636,666,230,300,215779,184856,2031,1616,2393,60886,64362,0,36,0,30,0,0
2022-12-17 17:47:01,613,677,230,300,216778,185792,1867,1677,2369,61193,64700,0,27,0,64,0,1
2022-12-17 18:17:01,578,677,230,300,218022,186682,2255,1847,2293,61482,65039,14,38,0,99,0,1
2022-12-17 18:47:01,581,654,230,300,219104,187600,2330,1802,2303,61772,65366,3,32,0,73,0,1
2022-12-17 19:17:02,563,624,230,300,220001,188360,1901,1597,2253,62054,65678,10,34,0,61,0,1
2022-12-17 19:48:01,560,614,230,300,220923,189102,1687,1367,2146,62343,65995,5,30,0,54,0,0
2022-12-17 20:18:01,551,588,230,300,221927,189714,1826,1245,2105,62618,66289,3,27,0,37,0,0
2022-12-17 20:48:01,519,612,230,300,222632,190205,1736,1099,2070,62878,66595,6,27,0,93,0,1
2022-12-17 21:18:01,497,586,230,300,223512,190844,1648,1173,2052,63126,66888,0,26,0,89,0,1
2022-12-17 21:48:02,509,553,230,300,224253,191526,1664,1371,1972,63381,67164,1,20,0,44,0,0
2022-12-17 22:19:01,482,528,230,300,225141,192155,1561,1271,1906,63630,67437,2,21,0,46,0,0
2022-12-17 22:49:01,488,516,230,300,225933,192678,1604,1068,1815,63874,67695,1,16,0,28,0,0
2022-12-17 23:19:01,486,510,230,300,226699,193244,1595,1114,1741,64117,67950,4,17,0,24,0,0
2022-12-17 23:49:01,472,469,229,301,227490,193881,1504,1167,1668,64353,68185,2,23,3,0,0,0
2022-12-18 00:19:01,467,477,229,301,228227,194501,1513,1247,1650,64586,68423,3,18,0,10,0,0
2022-12-18 00:49:01,435,447,228,302,228883,195029,1400,1150,1601,64804,68647,6,20,0,12,0,0
2022-12-18 01:19:01,433,445,228,302,229488,195489,1195,936,1564,65020,68869,0,0,0,12,0,0
2022-12-18 01:49:01,443,430,228,302,230070,196010,1167,976,1558,65242,69084,3,9,13,0,0,0
2022-12-18 02:19:01,456,444,228,302,230642,196466,1159,999,1588,65470,69306,0,4,12,0,0,0
2022-12-18 02:49:01,508,434,228,302,231354,197064,1249,1042,1704,65724,69523,0,3,74,0,1,0
2022-12-18 03:19:01,545,480,228,302,232187,197685,1525,1200,1781,65996,69763,0,6,65,0,1,0
2022-12-18 03:49:01,533,485,226,303,233129,198473,1804,1432,1864,66263,70006,4,10,48,0,0,0
2022-12-18 04:19:01,563,516,226,304,233853,199101,1670,1418,1869,66544,70264,5,15,47,0,0,0
2022-12-18 04:49:01,551,516,226,304,234615,199673,1435,1148,1965,66820,70522,6,14,35,0,0,0
2022-12-18 05:19:01,549,556,226,304,235254,200156,1390,1034,2011,67094,70800,10,21,0,7,0,0
2022-12-18 05:49:01,551,578,226,304,235788,200698,1176,1025,2084,67370,71089,11,33,0,27,0,0
2022-12-18 06:19:01,581,617,226,304,236279,201192,944,972,2129,67660,71397,14,18,0,36,0,0
2022-12-18 06:49:01,598,618,226,304,237044,201865,1257,1172,2171,67959,71706,3,20,0,20,0,0
2022-12-18 07:19:01,611,628,226,304,237770,202523,1501,1347,2233,68265,72020,7,30,0,17,0,0
2022-12-18 07:49:02,646,632,226,304,238513,203209,1448,1325,2260,68588,72336,1,15,14,0,0,0
2022-12-18 08:20:02,692,662,226,304,239386,204062,1594,1494,2349,68946,72678,0,5,30,0,0,0
2022-12-18 08:50:02,752,675,226,304,240298,204966,1784,1750,2495,69322,73016,0,6,77,0,1,0
2022-12-18 09:20:02,778,697,226,304,241305,205828,1933,1780,2533,69711,73364,0,6,81,0,1,0
2022-12-18 09:50:02,775,720,226,305,242323,206688,2046,1733,2620,70098,73724,0,3,55,0,0,0
2022-12-18 10:21:01,828,757,226,304,243272,207553,1979,1732,2661,70526,74115,2,11,71,0,0,0
2022-12-18 10:51:01,876,803,226,305,244384,208469,2065,1787,2948,70964,74517,0,9,73,0,0,0
2022-12-18 11:21:01,894,859,226,304,245555,209570,2266,2004,3036,71411,74946,0,7,35,0,0,0
2022-12-18 11:51:01,877,900,226,305,246773,210637,2441,2241,3072,71849,75396,0,12,0,23,0,0
2022-12-18 12:21:01,863,874,226,305,248323,211827,2742,2249,3051,72281,75833,11,22,0,11,0,0
2022-12-18 12:51:01,851,839,226,305,250214,213233,3440,2595,3058,72706,76253,12,13,12,0,0,0
2022-12-18 13:21:01,816,848,226,304,252090,214551,3760,2717,3013,73114,76677,8,19,0,32,0,0
2022-12-18 13:51:01,784,827,226,305,253608,216018,3426,2795,2882,73506,77090,4,26,0,43,0,0
2022-12-18 14:21:02,736,783,226,304,254921,217153,2671,2480,2829,73874,77482,3,26,0,47,0,0
2022-12-18 14:51:02,691,755,226,305,256077,218188,2352,2107,2681,74220,77859,4,33,0,64,0,0
2022-12-18 15:22:01,614,711,226,305,256910,219011,1934,1827,2550,74537,78227,17,47,0,97,0,1
2022-12-18 15:52:01,603,671,226,305,257571,219656,1430,1419,2417,74838,78562,0,22,0,68,0,1
2022-12-18 16:22:01,598,675,226,305,258525,220424,1615,1411,2354,75137,78900,10,30,0,77,0,1
2022-12-18 16:52:02,547,658,226,305,259498,221197,2010,1604,2278,75411,79229,7,34,0,111,0,1
2022-12-18 17:23:01,549,664,225,306,260349,221909,1768,1423,2240,75695,79572,16,43,0,115,0,1
2022-12-18 17:53:01,536,703,225,306,261165,222573,1639,1377,2235,75963,79923,0,24,0,167,0,1
2022-12-18 18:23:01,534,706,224,309,262134,223308,1780,1402,2251,76230,80276,2,35,0,172,0,1
2022-12-18 18:53:01,512,686,223,309,263094,224207,1875,1600,2191,76486,80619,2,22,0,174,0,1
2022-12-18 19:23:01,490,661,222,310,264054,224850,1956,1575,2122,76731,80950,2,25,0,171,0,1
2022-12-18 19:53:01,485,642,221,311,265053,225653,2000,1471,2015,76973,81271,0,20,0,157,0,1
2022-12-18 20:23:01,466,618,221,311,266160,226538,2132,1710,1955,77206,81580,3,23,0,152,0,1
2022-12-18 20:53:01,433,584,218,313,267006,227281,1950,1631,1831,77423,81872,12,30,0,151,0,1
2022-12-18 21:23:01,411,563,217,312,267974,228091,1828,1595,1764,77628,82153,0,10,0,152,0,1
2022-12-18 21:53:01,403,546,215,314,268805,228796,1772,1492,1700,77830,82426,6,19,0,143,0,1
2022-12-18 22:23:01,359,521,214,314,269527,229559,1562,1500,1663,78009,82687,2,14,0,162,0,1
2022-12-18 22:53:01,342,471,213,316,270088,230171,1235,1344,1539,78180,82922,10,30,0,129,0,1
2022-12-18 23:23:01,328,452,213,316,270698,230646,1159,1039,1416,78344,83148,1,14,0,124,0,1
2022-12-18 23:53:02,311,433,211,317,271205,231062,1136,910,1394,78500,83365,1,23,0,122,0,1
2022-12-19 00:24:01,319,424,211,317,271680,231572,1015,948,1325,78664,83584,1,10,0,105,0,1
2022-12-19 00:54:01,333,389,210,317,272240,232057,1031,973,1296,78831,83778,0,8,0,56,0,1
2022-12-19 01:24:01,335,365,211,317,272685,232444,1012,878,1256,78998,83961,1,10,0,30,0,0
2022-12-19 01:54:01,348,390,210,317,273120,232830,848,743,1271,79172,84156,2,13,0,42,0,1
2022-12-19 02:24:01,364,395,210,316,273428,233134,748,693,1314,79354,84353,1,15,0,31,0,0
2022-12-19 02:54:01,360,407,210,317,273918,233460,799,610,1327,79534,84557,9,19,0,47,0,1
2022-12-19 03:24:01,358,435,209,317,274420,233837,947,679,1386,79713,84774,10,24,0,77,0,1
2022-12-19 03:54:01,371,426,210,317,274858,234258,914,804,1409,79899,84987,6,21,0,55,0,1
2022-12-19 04:24:01,390,428,207,319,275231,234657,810,825,1457,80094,85201,5,6,0,38,0,0
2022-12-19 04:54:01,395,447,207,319,275677,235051,817,787,1508,80291,85425,7,11,0,52,0,1
2022-12-19 05:24:01,433,460,207,318,276156,235455,922,784,1524,80508,85655,3,12,0,27,0,0
2022-12-19 05:54:01,437,479,207,320,276639,235937,986,914,1576,80726,85894,1,14,0,42,0,0
2022-12-19 06:24:01,434,496,207,320,277140,236382,986,930,1649,80943,86142,3,7,0,62,0,1
2022-12-19 06:54:01,462,473,206,319,277653,236818,1007,898,1696,81174,86379,2,15,0,11,0,0
2022-12-19 07:24:01,431,452,205,321,278086,237225,891,780,1710,81390,86605,11,25,0,21,0,0
2022-12-19 07:54:02,463,491,203,321,278725,237875,1144,1135,1768,81622,86850,8,20,0,28,0,0
2022-12-19 08:24:02,525,538,206,319,279277,238475,1196,1256,1854,81884,87119,1,4,0,13,0,0
2022-12-19 08:55:01,557,598,205,319,279938,238959,1201,1065,2033,82172,87428,3,8,0,41,0,0
2022-12-19 09:25:02,609,613,206,319,280686,239533,1360,1035,2120,82476,87735,7,13,0,4,0,0
2022-12-19 09:56:01,648,632,206,319,281616,240387,1573,1345,2278,82811,88061,0,15,16,0,0,0
2022-12-19 10:26:01,689,678,207,318,282455,241290,1633,1634,2401,83155,88400,2,11,11,0,0,0
2022-12-19 10:56:01,712,683,206,316,283598,242230,1948,1828,2405,83511,88742,3,18,29,0,0,0
2022-12-19 11:26:01,763,721,205,317,284727,243220,2272,1926,2554,83893,89102,2,10,42,0,0,0
2022-12-19 11:56:01,749,746,206,316,285810,244253,2198,2020,2568,84267,89475,2,22,3,0,0,0
2022-12-19 12:26:01,768,782,203,318,286894,245328,2171,2109,2623,84651,89866,0,17,0,14,0,0
2022-12-19 12:56:01,739,758,204,318,288051,246413,2277,2200,2593,85021,90245,8,5,0,19,0,0
2022-12-19 13:26:01,712,761,203,319,289255,247392,2372,2073,2522,85377,90626,0,14,0,49,0,0
2022-12-19 13:56:01,700,711,203,319,290406,248295,2304,1859,2511,85727,90981,1,20,0,11,0,0
2022-12-19 14:26:01,652,701,202,320,291570,249278,2225,1875,2436,86053,91332,2,27,0,49,0,0
2022-12-19 14:56:01,640,714,202,320,292672,250166,2291,1890,2441,86373,91689,0,15,0,74,0,1
2022-12-19 15:26:01,574,695,202,321,293936,251025,2369,1742,2346,86660,92036,6,38,0,121,0,1
2022-12-19 15:56:01,529,675,199,322,294847,251739,2167,1541,2250,86924,92374,5,28,0,146,0,1
2022-12-19 16:26:01,523,675,199,323,295596,252599,1663,1590,2202,87186,92711,0,33,0,152,0,1
2022-12-19 16:56:01,485,690,199,323,296503,253435,1662,1700,2185,87428,93056,3,26,0,205,0,1
2022-12-19 17:26:01,492,703,198,324,297512,254571,1917,1986,2169,87674,93408,0,22,0,211,0,1
2022-12-19 17:56:01,487,673,198,324,298543,255595,2023,2154,2135,87918,93744,9,41,0,186,0,1
2022-12-19 18:26:01,493,665,198,324,299560,256396,2037,1826,2105,88164,94077,2,35,0,172,0,1
2022-12-19 18:56:01,483,626,197,325,300467,257237,1907,1640,2028,88406,94390,8,36,0,143,0,1
2022-12-19 19:26:01,491,584,196,325,301222,258147,1641,1777,1986,88651,94682,2,42,0,93,0,1
2022-12-19 19:56:01,471,569,196,325,302110,258943,1653,1710,1938,88887,94966,6,29,0,98,0,1
2022-12-19 20:26:01,437,531,197,324,302849,259631,1631,1489,1850,89105,95232,6,29,0,94,0,1
2022-12-19 20:56:02,381,496,196,324,303473,260212,1385,1319,1697,89296,95480,0,26,0,115,0,1
2022-12-19 21:27:01,355,482,196,326,304085,260695,1229,1092,1614,89479,95729,3,22,0,127,0,1
2022-12-19 21:57:01,348,454,196,326,304739,261255,1256,1035,1499,89653,95956,0,16,0,106,0,1
2022-12-19 22:27:01,340,469,196,326,305406,261806,1323,1115,1513,89823,96190,0,18,0,129,0,1
2022-12-19 22:57:02,299,446,195,326,305991,262392,1256,1168,1432,89973,96413,1,21,0,147,0,1
2022-12-19 23:28:01,329,421,193,326,306381,262820,1001,1032,1414,90143,96631,3,9,0,92,0,1
2022-12-19 23:58:01,318,412,193,324,306777,263170,801,804,1374,90302,96837,1,4,0,94,0,1
2022-12-20 00:28:01,316,436,194,325,307104,263494,707,669,1332,90460,97055,2,1,0,120,0,1
2022-12-20 00:58:01,311,420,195,326,307606,263966,840,809,1328,90615,97265,0,0,0,109,0,1
2022-12-20 01:28:01,310,417,194,327,308081,264444,970,950,1307,90770,97473,2,11,0,107,0,1
2022-12-20 01:58:01,306,389,193,328,308477,264920,862,962,1337,90923,97668,2,12,0,83,0,1
2022-12-20 02:28:01,322,387,193,328,308848,265336,775,894,1270,91084,97861,3,5,0,65,0,1
2022-12-20 02:58:01,367,388,192,328,309317,265749,841,835,1308,91268,98055,0,9,0,21,0,0
2022-12-20 03:28:01,376,425,192,328,309802,266220,958,886,1357,91456,98268,3,17,0,49,0,1
2022-12-20 03:58:01,374,435,192,327,310376,266794,1059,1050,1418,91643,98485,0,16,0,61,0,1
2022-12-20 04:28:01,387,452,194,327,310972,267269,1177,1049,1457,91836,98711,0,14,0,65,0,1
2022-12-20 04:58:01,407,458,192,328,311768,267869,1372,1082,1484,92040,98940,0,17,0,51,0,1
2022-12-20 05:28:02,431,471,192,327,312327,268377,1311,1055,1559,92256,99176,4,10,0,40,0,0
2022-12-20 05:59:01,449,497,191,326,312910,268875,1148,1010,1619,92487,99433,2,11,0,48,0,1
2022-12-20 06:29:01,471,537,191,326,313614,269472,1262,1075,1700,92723,99701,4,10,0,66,0,1
2022-12-20 06:59:01,490,546,192,327,314321,270102,1418,1234,1748,92968,99974,0,11,0,56,0,1
2022-12-20 07:29:01,560,560,194,327,314947,270666,1332,1219,1808,93248,100254,0,1,0,0,0,0
2022-12-20 07:59:01,584,567,195,326,315727,271358,1436,1292,1895,93540,100538,0,1,17,0,0,0
2022-12-20 08:29:02,621,584,194,327,316533,272146,1573,1468,1946,93851,100830,0,0,37,0,0,0
2022-12-20 09:00:01,668,614,194,325,317392,272938,1684,1578,2112,94195,101147,0,0,54,0,0,0
2022-12-20 09:30:01,671,630,194,325,318290,273982,1680,1828,2204,94531,101462,2,1,41,0,0,0
2022-12-20 10:00:02,667,651,196,324,319119,274785,1667,1780,2241,94865,101787,0,4,16,0,0,0
2022-12-20 10:31:02,655,681,198,323,320003,275597,1757,1637,2322,95203,102139,0,15,0,26,0,0
2022-12-20 11:02:01,676,720,197,324,321036,276430,1842,1589,2349,95552,102511,0,7,0,44,0,0
2022-12-20 11:32:01,682,770,196,324,322124,277518,1948,1836,2435,95893,102896,0,8,0,88,0,1
2022-12-20 12:02:01,704,804,196,325,323381,278717,2331,2290,2479,96245,103298,1,9,0,100,0,1
2022-12-20 12:32:01,719,816,196,325,324544,279923,2423,2400,2594,96605,103706,5,6,0,97,0,1
2022-12-20 13:02:01,687,793,196,325,325723,281076,2317,2324,2550,96948,104103,4,8,0,106,0,1
2022-12-20 13:32:01,713,794,193,327,326726,281876,2156,1934,2522,97305,104500,0,0,0,81,0,1
2022-12-20 14:02:01,686,777,194,327,327805,282801,2074,1726,2494,97648,104888,2,16,0,91,0,1
2022-12-20 14:32:01,502,568,193,326,328583,283623,1770,1700,0,97899,105172,4,6,0,66,0,1
2022-12-20 15:02:01,592,648,194,326,329351,284347,1506,1518,2104,98195,105496,4,15,0,56,0,0
2022-12-20 15:32:01,616,654,195,325,330298,285205,1727,1593,2162,98503,105823,0,10,0,38,0,0
2022-12-20 16:02:01,576,649,194,325,331187,286030,1838,1701,2121,98791,106148,2,7,0,73,0,1
2022-12-20 16:32:01,557,651,193,325,332249,286886,1937,1630,2080,99069,106473,1,11,0,94,0,1
2022-12-20 17:02:01,542,685,194,324,333466,287851,2250,1751,2062,99340,106816,8,9,0,143,0,1
2022-12-20 17:32:02,530,653,195,325,334549,288732,2459,1953,2100,99605,107142,4,4,0,123,0,1
2022-12-20 18:03:01,543,668,195,326,335489,289553,1957,1646,2113,99886,107487,4,6,0,125,0,1
2022-12-20 18:33:01,514,656,195,326,336206,290175,1614,1406,2099,100143,107815,6,19,0,142,0,1
2022-12-20 19:03:02,493,639,195,326,336857,290855,1365,1323,2019,100389,108135,2,7,0,146,0,1
2022-12-20 19:34:01,478,618,195,326,337809,291679,1607,1513,1998,100636,108454,12,33,0,140,0,1
2022-12-20 20:04:01,458,604,195,325,338784,292405,1833,1509,1974,100865,108756,8,26,0,146,0,1
2022-12-20 20:34:01,438,576,194,325,339640,293215,1852,1566,1870,101084,109044,6,24,0,138,0,1
2022-12-20 21:04:01,409,545,193,327,340557,294033,1737,1616,1836,101289,109317,11,27,0,136,0,1
2022-12-20 21:34:01,402,524,193,328,341377,294743,1736,1534,1720,101490,109579,1,17,0,122,0,1
2022-12-20 22:04:01,381,487,192,328,342126,295390,1553,1345,1589,101680,109822,2,10,0,106,0,1
2022-12-20 22:34:01,347,460,191,331,342748,296056,1365,1305,1509,101854,110052,4,11,0,113,0,1
2022-12-20 23:04:01,353,423,191,331,343243,296716,1081,1276,1421,102030,110264,3,21,0,70,0,1
2022-12-20 23:34:01,344,410,191,330,343714,297317,956,1245,1348,102202,110469,2,5,0,66,0,1
2022-12-21 00:04:02,324,379,190,330,344077,297670,871,992,1221,102364,110658,0,7,0,55,0,1
2022-12-21 00:35:01,324,377,190,330,344416,298027,670,668,1240,102532,110853,2,3,0,53,0,1
2022-12-21 01:05:01,332,375,190,330,344787,298326,711,652,1232,102698,111040,1,2,0,43,0,1
2022-12-21 01:35:01,345,392,190,331,345136,298713,724,690,1233,102870,111236,0,2,0,47,0,1
2022-12-21 02:05:02,351,383,190,333,345543,299120,722,771,1218,103046,111428,0,4,0,32,0,0
2022-12-21 02:35:02,350,393,190,332,346013,299482,832,743,1221,103221,111624,0,3,0,43,0,1
2022-12-21 03:06:01,355,405,191,332,346532,299953,936,762,1254,103404,111834,0,2,0,50,0,1
2022-12-21 03:36:01,380,423,191,332,346987,300424,916,881,1309,103594,112045,1,3,0,43,0,1
2022-12-21 04:06:01,383,411,191,332,347537,300953,1014,1002,1319,103785,112251,2,5,0,28,0,0
2022-12-21 04:36:01,393,419,190,332,347932,301367,944,945,1371,103982,112460,7,7,0,26,0,0
2022-12-21 05:06:01,399,438,190,332,348456,301856,928,932,1402,104181,112679,0,1,0,39,0,0
2022-12-21 05:36:01,411,479,190,331,348929,302372,1004,989,1444,104387,112919,1,0,0,68,0,1
2022-12-21 06:06:01,424,481,190,332,349601,302996,1146,1147,1539,104599,113159,0,0,0,57,0,1
2022-12-21 06:36:01,445,492,190,332,350196,303628,1287,1302,1615,104821,113405,5,4,0,47,0,1
2022-12-21 07:06:01,447,498,190,333,350797,304091,1218,1136,1637,105045,113654,1,8,0,51,0,1
2022-12-21 07:36:01,471,487,190,333,351247,304479,1071,866,1686,105280,113898,1,12,0,16,0,0
2022-12-21 08:06:01,511,542,189,333,351767,304989,993,898,1687,105536,114169,1,1,0,31,0,0
2022-12-21 08:36:01,532,551,189,333,352333,305602,1110,1140,1844,105802,114444,2,12,0,19,0,0
2022-12-21 09:06:01,553,593,187,334,353087,306139,1308,1160,1900,106078,114741,2,5,0,40,0,0
2022-12-21 09:36:01,602,637,188,333,353853,306817,1437,1203,2040,106379,115059,0,0,0,35,0,0
2022-12-21 10:06:01,645,697,188,333,354951,307636,1872,1503,2188,106702,115408,0,0,0,52,0,0
2022-12-21 10:36:01,676,695,188,333,356104,308535,2250,1697,2287,107040,115755,0,0,0,19,0,0
2022-12-21 11:06:01,688,684,186,333,357173,309638,2232,2009,2286,107384,116097,0,2,4,0,0,0
2022-12-21 11:36:02,716,701,188,332,358301,310571,2277,2097,2318,107742,116448,9,3,15,0,0,0
2022-12-21 12:07:01,713,703,190,331,359583,311739,2308,2073,2384,108110,116811,2,2,10,0,0,0
2022-12-21 12:37:01,723,748,189,332,360756,312694,2354,2060,2423,108472,117185,3,8,0,25,0,0
2022-12-21 13:07:01,689,752,189,333,361948,313734,2373,2011,2455,108816,117561,10,8,0,63,0,0
2022-12-21 13:37:01,674,745,189,333,362944,314664,2215,2007,2465,109153,117933,12,19,0,71,0,1
2022-12-21 14:07:01,635,707,189,333,363914,315440,1974,1711,2376,109471,118287,9,29,0,72,0,1
2022-12-21 14:37:02,605,698,188,334,364941,316310,2051,1676,2366,109774,118636,3,30,0,93,0,1
2022-12-21 15:08:01,604,681,189,333,365905,317191,2071,1855,2298,110085,118988,1,21,0,77,0,1
2022-12-21 15:38:01,572,641,190,331,366910,318036,2025,1761,2172,110371,119308,1,7,0,69,0,1
2022-12-21 16:08:01,543,633,190,331,368101,318947,2181,1726,2059,110643,119625,0,15,0,90,0,1
2022-12-21 16:38:01,528,616,189,332,369241,319813,2343,1783,2030,110907,119933,0,8,0,88,0,1
2022-12-21 17:08:01,499,609,188,334,370091,320515,2066,1609,2003,111156,120237,0,3,0,110,0,1
2022-12-21 17:38:01,492,622,187,333,370839,321355,1632,1575,1976,111402,120548,0,0,0,130,0,1
2022-12-21 18:08:01,496,631,186,334,371558,322036,1429,1486,1956,111650,120864,0,9,0,135,0,1
2022-12-21 18:38:01,507,645,187,333,372327,322872,1488,1524,2019,111904,121186,2,3,0,138,0,1
2022-12-21 19:08:01,492,640,187,334,373213,323665,1641,1599,1964,112150,121506,0,3,0,148,0,1
2022-12-21 19:38:01,495,597,187,334,373977,324356,1629,1474,1924,112397,121805,3,7,0,102,0,1
2022-12-21 20:08:01,468,560,185,334,374735,325059,1525,1395,1875,112631,122085,5,5,0,92,0,1
2022-12-21 20:38:01,443,551,184,335,375454,325621,1486,1276,1805,112853,122360,1,1,0,108,0,1
2022-12-21 21:08:01,419,552,184,334,376274,326312,1579,1294,1682,113062,122636,0,3,0,133,0,1
2022-12-21 21:38:02,405,516,186,335,376969,326885,1451,1202,1622,113265,122894,2,3,0,111,0,1
2022-12-21 22:09:01,367,463,186,335,377604,327536,1335,1231,1532,113455,123133,5,18,0,96,0,1
2022-12-21 22:39:01,354,436,186,335,378165,328041,1200,1168,1481,113632,123351,0,8,0,82,0,1
2022-12-21 23:09:01,334,423,186,335,378776,328522,1204,1002,1405,113799,123563,2,5,0,89,0,1
2022-12-21 23:39:01,318,421,186,336,379314,328970,1140,927,1370,113958,123773,0,1,0,103,0,1
2022-12-22 00:09:01,291,403,186,336,379979,329456,1218,946,1305,114103,123975,2,1,0,112,0,1
2022-12-22 00:39:02,297,386,185,337,380406,329850,1099,885,1242,114252,124168,0,1,0,89,0,1
2022-12-22 01:10:01,305,381,185,337,380865,330224,959,815,1204,114409,124365,0,7,0,76,0,1
2022-12-22 01:40:01,296,380,184,337,381294,330557,954,759,1195,114557,124555,0,11,0,84,0,1
2022-12-22 02:10:01,318,373,184,337,381727,330973,869,759,1193,114716,124741,1,9,0,55,0,1
2022-12-22 02:40:02,303,362,184,337,382167,331380,920,852,1186,114868,124922,3,7,0,59,0,1
2022-12-22 03:10:02,337,391,184,337,382548,331829,800,840,1285,115036,125118,0,2,0,54,0,1
2022-12-22 03:41:01,344,404,183,338,383040,332228,862,851,1300,115214,125326,2,13,0,60,0,1
2022-12-22 04:11:01,340,423,183,337,383408,332652,857,833,1339,115384,125538,1,12,0,83,0,1
2022-12-22 04:41:01,370,428,184,338,383889,333068,857,846,1389,115569,125752,4,13,0,58,0,1
2022-12-22 05:11:01,386,451,183,337,384436,333528,1013,830,1454,115762,125977,0,18,0,65,0,1
2022-12-22 05:41:01,391,444,182,338,385000,333902,1109,825,1510,115957,126199,0,19,0,53,0,1
2022-12-22 06:11:01,415,457,182,339,385512,334381,1082,872,1550,116165,126428,3,17,0,42,0,1
2022-12-22 06:41:01,444,485,183,338,386141,334852,1107,928,1600,116387,126670,1,11,0,41,0,0
2022-12-22 07:11:02,456,542,183,338,386960,335516,1459,1146,1660,116615,126942,3,15,0,86,0,1
2022-12-22 07:42:01,501,528,183,337,387676,336395,1422,1486,1758,116874,127214,0,12,0,27,0,0
2022-12-22 08:12:01,509,543,183,337,388496,337141,1463,1524,1872,117128,127486,6,12,0,34,0,0
2022-12-22 08:42:01,542,571,183,336,389253,337911,1634,1560,1957,117399,127771,3,11,0,29,0,0
2022-12-22 09:12:02,562,589,182,336,390127,338912,1635,1764,1940,117680,128066,2,6,0,27,0,0
2022-12-22 09:43:01,566,620,183,335,391006,339683,1729,1796,1991,117973,128386,9,15,0,54,0,0
2022-12-22 10:13:01,607,646,185,335,391895,340493,1687,1531,2119,118276,128709,0,11,0,39,0,0
2022-12-22 10:44:02,638,677,186,335,392902,341314,1988,1715,2200,118606,129059,0,12,0,39,0,0
2022-12-22 11:14:02,659,699,186,335,394256,342273,2342,1749,2288,118935,129409,2,12,0,40,0,0
2022-12-22 11:45:02,668,760,186,334,395550,343259,2637,1931,2357,119281,129801,15,26,0,92,0,1
2022-12-22 12:15:02,676,775,185,335,397067,344365,2752,2123,2422,119619,130189,18,23,0,99,0,1
2022-12-22 12:45:03,678,772,184,335,398081,345278,2491,1972,2437,119958,130575,0,1,0,94,0,1
2022-12-22 13:16:01,637,747,184,336,399418,346422,2273,1981,2394,120287,130960,8,13,0,110,0,1
2022-12-22 13:46:01,628,720,184,336,400558,347131,2283,1659,2369,120601,131320,11,17,0,92,0,1
2022-12-22 14:16:01,609,718,184,336,401453,347799,2039,1387,2362,120905,131679,18,27,0,109,0,1
2022-12-22 14:46:01,581,729,183,338,402500,348579,1942,1421,2353,121196,132044,18,30,0,148,0,1
2022-12-22 15:16:01,538,715,183,338,403597,349412,2162,1648,2309,121465,132401,15,42,0,177,0,1
2022-12-22 15:46:01,539,687,181,338,404722,350217,2184,1621,2228,121734,132745,16,53,0,148,0,1
2022-12-22 16:16:01,498,682,180,338,405562,350830,1871,1398,2140,121983,133086,10,61,0,184,0,1
2022-12-22 16:46:01,466,662,180,338,406340,351354,1738,1179,2106,122216,133417,16,48,0,196,0,1
2022-12-22 17:16:01,493,645,179,339,407041,351879,1487,1073,2041,122463,133739,12,35,0,152,0,1
2022-12-22 17:46:02,475,652,177,340,407827,352503,1516,1169,2051,122700,134066,0,18,0,177,0,1
2022-12-22 18:17:01,482,637,178,341,408470,353180,1454,1331,2007,122949,134395,5,4,0,155,0,1
2022-12-22 18:47:01,485,633,176,341,409357,353908,1575,1439,2020,123192,134711,1,8,0,148,0,1
2022-12-22 19:17:01,478,601,177,341,410365,354681,1914,1523,1969,123431,135012,13,21,0,123,0,1
2022-12-22 19:47:01,477,610,177,341,411329,355401,1956,1473,1953,123669,135317,7,13,0,133,0,1
2022-12-22 20:17:01,482,580,175,342,412395,356153,2037,1478,1896,123910,135607,9,17,0,98,0,1
2022-12-22 20:47:01,451,552,176,343,413592,356959,2222,1526,1835,124136,135883,0,12,0,101,0,1
2022-12-22 21:17:01,420,537,177,343,414421,357687,1921,1485,1715,124346,136151,1,10,0,117,0,1
2022-12-22 21:47:01,407,511,172,345,415226,358348,1635,1390,1643,124549,136407,9,12,0,104,0,1
2022-12-22 22:17:01,379,499,169,348,415956,358959,1544,1269,1564,124739,136656,1,9,0,120,0,1
2022-12-22 22:47:01,375,469,170,348,416532,359505,1318,1171,1528,124926,136891,0,10,0,94,0,1
2022-12-22 23:17:01,355,474,172,346,417271,359998,1296,1034,1469,125104,137128,0,12,0,119,0,1
2022-12-22 23:47:01,318,444,169,347,417846,360500,1320,1006,1362,125263,137350,1,7,0,126,0,1
2022-12-23 00:17:01,294,432,171,347,418487,361051,1223,1047,1308,125410,137566,2,8,0,138,0,1
2022-12-23 00:47:01,279,399,170,347,418951,361442,1105,949,1277,125549,137765,5,26,0,120,0,1
2022-12-23 01:17:01,287,387,169,347,419368,361750,892,694,1209,125693,137959,8,18,0,100,0,1
2022-12-23 01:47:01,299,393,169,348,419804,362044,840,595,1235,125842,138155,4,18,0,94,0,1
2022-12-23 02:17:01,306,384,170,348,420305,362468,963,739,1188,125995,138347,5,13,0,78,0,1
2022-12-23 02:47:01,340,389,169,346,420842,362890,1042,850,1254,126165,138542,6,19,0,49,0,1
2022-12-23 03:17:01,346,399,169,347,421395,363340,1093,879,1271,126338,138741,9,12,0,53,0,1
2022-12-23 03:47:01,345,419,172,346,422002,363843,1162,958,1327,126511,138951,2,20,0,74,0,1
2022-12-23 04:17:01,354,399,173,346,422568,364363,1178,1026,1327,126688,139150,4,17,0,45,0,1
2022-12-23 04:47:01,384,443,171,345,423178,364788,1185,968,1418,126880,139372,1,4,0,59,0,1
2022-12-23 05:17:01,407,469,171,346,423838,365257,1297,896,1499,127083,139606,1,3,0,62,0,1
2022-12-23 05:47:01,401,486,170,346,424544,365864,1387,1080,1570,127284,139849,0,7,0,85,0,1
2022-12-23 06:17:01,405,485,169,348,425130,366432,1282,1128,1603,127486,140092,0,6,0,80,0,1
2022-12-23 06:47:01,374,460,169,349,425737,366864,1200,1017,1610,127673,140322,0,5,0,86,0,1
2022-12-23 07:17:01,358,379,169,348,426104,367167,1017,752,1503,127852,140511,0,0,0,21,0,0
2022-12-23 07:47:01,423,440,170,350,426704,367596,959,738,1628,128064,140731,4,2,0,17,0,0
2022-12-23 08:17:01,467,469,171,349,427278,368070,1175,904,1747,128297,140966,5,10,0,2,0,0
2022-12-23 08:47:01,528,518,170,350,428045,368635,1379,1040,1936,128561,141225,0,0,10,0,0,0
2022-12-23 09:17:01,538,554,171,350,428936,369262,1679,1176,1993,128830,141502,3,12,0,16,0,0
2022-12-23 09:47:01,550,579,171,350,429633,369856,1588,1222,2058,129105,141791,1,10,0,29,0,0
2022-12-23 10:17:01,552,618,171,349,430422,370517,1418,1231,2108,129381,142100,2,13,0,66,0,1
2022-12-23 10:47:01,579,646,169,350,431132,371176,1483,1319,2160,129671,142423,0,14,0,67,0,1
2022-12-23 11:17:01,617,647,169,350,432004,371857,1586,1346,2256,129979,142747,0,13,0,30,0,0
2022-12-23 11:47:01,676,688,170,350,432912,372609,1790,1448,2323,130317,143091,2,12,0,12,0,0
2022-12-23 12:17:01,676,709,169,350,433906,373393,1912,1535,2370,130655,143445,0,11,0,33,0,0
2022-12-23 12:47:01,677,746,171,350,434993,374307,2082,1701,2467,130994,143818,5,13,0,69,0,1
2022-12-23 13:17:01,691,755,171,349,436312,375248,2443,1908,2509,131339,144196,5,10,0,64,0,0
2022-12-23 13:47:01,680,748,170,351,437581,376353,2587,2049,2499,131679,144570,0,12,0,68,0,1
2022-12-23 14:17:02,657,745,170,351,438853,377416,2542,2190,2447,132008,144942,0,13,0,88,0,1
2022-12-23 14:48:01,632,686,171,349,440096,378370,2531,2043,2395,132334,145296,9,22,0,54,0,0
2022-12-23 15:18:02,584,660,172,349,441066,379129,2175,1709,2346,132626,145627,4,26,0,76,0,1
2022-12-23 15:48:02,523,623,172,349,441982,379879,1900,1527,2223,132888,145938,11,39,0,100,0,1
2022-12-23 16:19:01,543,632,170,348,442955,380673,1880,1547,2098,133168,146265,1,9,0,89,0,1
2022-12-23 16:49:01,500,591,171,349,444040,381485,2040,1605,1994,133418,146560,1,13,0,91,0,1
2022-12-23 17:19:01,489,584,171,349,445010,382364,2097,1719,1966,133663,146852,2,23,0,95,0,1
2022-12-23 17:49:01,514,608,172,348,445944,383261,1913,1781,2013,133920,147156,1,9,0,94,0,1
2022-12-23 18:19:01,485,599,174,347,447066,384274,2067,1908,2006,134162,147456,5,18,0,114,0,1
2022-12-23 18:49:01,454,600,173,347,448152,385103,2222,1861,1938,134389,147756,4,12,0,146,0,1
2022-12-23 19:19:01,484,601,172,346,449323,386051,2257,1807,1970,134631,148056,0,4,0,117,0,1
2022-12-23 19:49:01,449,583,173,346,450497,387048,2355,1956,1937,134856,148348,1,7,0,134,0,1
2022-12-23 20:19:01,462,548,172,346,451335,387804,1909,1675,1885,135087,148622,5,11,0,86,0,1
2022-12-23 20:49:01,456,521,174,345,452172,388434,1796,1470,1785,135315,148882,2,10,0,65,0,1
2022-12-23 21:19:01,409,518,171,346,452925,388976,1563,1171,1763,135519,149141,4,11,0,109,0,1
2022-12-23 21:49:01,406,494,169,349,453652,389428,1437,969,1669,135722,149388,3,13,0,88,0,1
2022-12-23 22:19:01,383,503,170,348,454384,389813,1442,833,1632,135914,149640,0,5,0,120,0,1
2022-12-23 22:49:01,351,455,170,348,454876,390113,1321,789,1512,136089,149867,8,20,0,104,0,1
2022-12-23 23:19:01,346,424,170,349,455329,390421,940,610,1433,136262,150079,5,21,0,78,0,1
2022-12-23 23:49:01,360,412,170,349,455868,390760,957,632,1386,136442,150285,4,7,0,52,0,1
2022-12-24 00:19:01,333,415,170,349,456463,391137,1200,764,1320,136609,150493,0,6,0,82,0,1
2022-12-24 00:49:01,306,398,171,349,457060,391630,1203,882,1301,136762,150692,1,15,0,92,0,1
2022-12-24 01:19:01,301,396,171,349,457610,392027,1126,875,1276,136912,150890,6,17,0,95,0,1
2022-12-24 01:49:01,315,408,171,349,458031,392410,993,820,1282,137070,151094,5,15,0,93,0,1
2022-12-24 02:19:01,325,416,169,349,458543,392825,944,817,1288,137232,151302,0,2,0,91,0,1
2022-12-24 02:49:01,352,422,169,350,459084,393249,1061,853,1345,137408,151513,0,6,0,70,0,1
2022-12-24 03:19:01,379,435,169,350,459630,393691,1078,863,1366,137598,151730,5,10,0,56,0,1
2022-12-24 03:49:01,367,456,167,348,460226,394053,1150,812,1451,137781,151958,0,2,0,89,0,1
2022-12-24 04:19:01,364,462,167,351,460817,394479,1131,780,1460,137963,152189,1,8,0,98,0,1
2022-12-24 04:49:01,382,475,167,352,461411,394965,1141,870,1521,138154,152427,12,16,0,93,0,1
2022-12-24 05:19:01,412,486,166,353,462062,395528,1260,1054,1553,138360,152670,3,6,0,74,0,1
2022-12-24 05:49:01,427,454,166,353,462606,395929,1229,995,1585,138574,152897,6,10,0,27,0,0
2022-12-24 06:19:01,449,470,165,351,463280,396447,1183,910,1625,138798,153132,14,15,0,21,0,0
2022-12-24 06:49:01,477,472,166,353,463972,396938,1367,982,1665,139037,153368,8,18,5,0,0,0
2022-12-24 07:19:01,530,463,166,353,464771,397556,1506,1122,1773,139302,153599,1,1,67,0,1,0
2022-12-24 07:49:01,543,487,166,352,465499,398237,1506,1276,1806,139573,153843,2,3,56,0,1,0
2022-12-24 08:19:01,588,524,167,351,466267,398929,1555,1426,1841,139867,154105,0,5,64,0,1,0
2022-12-24 08:49:01,578,503,169,350,467053,399687,1553,1417,1894,140156,154356,2,3,75,0,1,0
2022-12-24 09:19:01,590,505,168,349,467692,400366,1404,1366,1847,140451,154609,0,0,85,0,1,0
2022-12-24 09:49:01,603,495,170,347,468310,400973,1238,1290,1876,140753,154856,2,5,108,0,1,0
2022-12-24 10:19:01,581,540,172,346,469053,401604,1370,1253,1891,141043,155126,0,2,41,0,0,0
2022-12-24 10:49:01,597,565,170,347,469904,402413,1662,1494,1939,141342,155409,4,6,32,0,0,0
2022-12-24 11:19:01,620,604,173,346,470759,403222,1658,1578,1985,141652,155711,0,8,16,0,0,0
2022-12-24 11:49:01,619,633,173,346,471672,404094,1811,1745,2081,141961,156027,0,18,0,14,0,0
2022-12-24 12:19:01,596,633,173,345,472784,404929,2067,1743,2084,142259,156344,6,10,0,37,0,0
2022-12-24 12:49:01,580,638,172,345,473716,405574,2025,1466,2040,142549,156663,0,3,0,58,0,1
2022-12-24 13:19:01,586,637,172,345,474504,406306,1765,1410,2056,142842,156981,0,0,0,51,0,0
2022-12-24 13:49:01,577,621,172,345,475379,407131,1614,1527,2024,143131,157292,1,6,0,44,0,0
2022-12-24 14:19:01,558,613,172,345,476239,407851,1740,1562,2009,143410,157598,10,4,0,55,0,0
2022-12-24 14:49:01,545,609,173,345,476957,408562,1587,1455,1986,143682,157903,3,12,0,64,0,1
2022-12-24 15:19:01,538,569,170,346,477955,409307,1734,1469,1959,143951,158187,7,16,0,31,0,0
2022-12-24 15:49:01,511,546,169,347,478782,409948,1840,1406,1920,144207,158460,7,17,0,35,0,0
2022-12-24 16:19:01,479,515,170,346,479497,410523,1585,1253,1831,144446,158718,17,19,0,36,0,0
2022-12-24 16:49:01,464,493,171,343,480134,411116,1347,1158,1776,144678,158964,1,23,0,29,0,0
2022-12-24 17:19:01,436,483,170,345,480757,411591,1267,1075,1683,144896,159206,2,30,0,47,0,1
2022-12-24 17:49:01,406,504,167,347,481385,412204,1306,1141,1676,145099,159458,0,16,0,98,0,1
2022-12-24 18:19:01,379,513,168,349,482108,412717,1364,1136,1620,145289,159714,1,12,0,134,0,1
2022-12-24 18:49:01,377,491,168,349,482906,413280,1513,1053,1580,145477,159960,2,13,0,114,0,1
2022-12-24 19:19:01,383,473,167,349,483699,413811,1617,1100,1539,145669,160196,7,21,0,90,0,1
2022-12-24 19:49:01,382,476,165,348,484396,414335,1490,1046,1521,145860,160434,4,10,0,94,0,1
2022-12-24 20:19:01,397,475,164,351,485213,414972,1549,1212,1522,146058,160672,8,6,0,78,0,1
2022-12-24 20:49:01,400,494,165,352,485991,415497,1589,1152,1542,146258,160919,0,5,0,94,0,1
2022-12-24 21:19:01,382,472,162,354,486693,416032,1455,1058,1479,146449,161155,3,21,0,90,0,1
2022-12-24 21:49:01,380,496,161,356,487473,416617,1467,1101,1525,146639,161403,2,6,0,116,0,1
2022-12-24 22:19:01,356,504,161,355,488132,417094,1467,1090,1456,146817,161655,2,6,0,148,0,1
2022-12-24 22:49:01,327,488,159,352,488954,417631,1485,1014,1450,146981,161899,1,14,0,161,0,1
2022-12-24 23:19:01,303,464,155,355,489495,418009,1315,856,1381,147132,162131,0,13,0,161,0,1
2022-12-24 23:49:02,296,450,155,352,490084,418435,1113,796,1336,147280,162356,1,13,0,154,0,1
2022-12-25 00:20:01,290,415,156,355,490627,418851,1159,860,1292,147430,162570,1,6,0,125,0,1
2022-12-25 00:50:01,298,400,158,354,491201,419215,1094,754,1257,147579,162770,0,4,0,102,0,1
2022-12-25 01:20:02,311,399,158,355,491807,419587,1177,721,1237,147735,162970,0,5,0,88,0,1
2022-12-25 01:50:02,308,412,156,358,492404,420003,1186,784,1244,147889,163176,0,3,0,104,0,1
2022-12-25 02:20:02,303,417,156,358,492844,420351,1030,764,1266,148040,163384,2,17,0,114,0,1
2022-12-25 02:50:02,312,428,154,359,493292,420732,863,719,1287,148196,163598,5,16,0,116,0,1
2022-12-25 03:21:01,347,402,154,360,493760,421085,898,747,1304,148375,163806,5,24,0,55,0,1
2022-12-25 03:51:01,351,414,154,360,494406,421469,1088,728,1316,148551,164013,2,8,0,63,0,1
2022-12-25 04:21:01,366,425,152,360,495060,421901,1286,821,1328,148734,164225,3,4,0,59,0,1
2022-12-25 04:51:01,360,428,152,359,495738,422393,1399,982,1356,148914,164439,1,5,0,68,0,1
2022-12-25 05:21:01,372,432,151,360,496348,422841,1259,928,1384,149100,164655,5,4,0,60,0,1
2022-12-25 05:51:01,349,441,153,361,496987,423318,1239,905,1414,149274,164876,3,11,0,92,0,1
2022-12-25 06:21:01,364,427,152,360,497592,423862,1230,1003,1501,149456,165089,12,24,0,63,0,1
2022-12-25 06:51:02,381,441,151,359,498153,424377,1175,1067,1516,149647,165310,10,18,0,60,0,1
2022-12-25 07:22:01,415,480,152,360,498806,424746,1210,879,1523,149861,165558,3,3,0,65,0,1
2022-12-25 07:52:01,432,487,153,358,499420,425268,1251,889,1610,150077,165801,5,17,0,55,0,1
2022-12-25 08:22:01,451,495,153,361,500061,425799,1246,1069,1663,150303,166049,6,15,0,44,0,0
2022-12-25 08:52:01,469,493,151,361,500738,426354,1267,1040,1723,150537,166295,5,9,0,24,0,0
2022-12-25 09:22:01,506,519,153,359,501387,426959,1247,1092,1746,150790,166555,0,2,0,13,0,0
2022-12-25 09:52:01,536,554,154,360,502125,427575,1318,1146,1811,151058,166832,6,4,0,18,0,0
2022-12-25 10:22:01,591,552,156,360,502948,428359,1592,1435,1859,151354,167108,1,5,39,0,0,0
2022-12-25 10:52:01,606,594,156,359,503895,429086,1753,1487,1965,151657,167405,0,0,12,0,0,0
2022-12-25 11:22:01,617,604,157,358,504722,429973,1791,1628,1989,151965,167707,0,5,13,0,0,0
2022-12-25 11:52:01,631,625,158,359,505657,430854,1750,1756,2127,152281,168019,5,10,6,0,0,0
2022-12-25 12:22:01,627,629,156,359,506690,431747,1968,1802,2145,152594,168334,7,14,0,2,0,0
2022-12-25 12:52:01,601,588,156,360,507773,432679,2090,1792,2133,152895,168628,10,32,13,0,0,0
2022-12-25 13:22:01,609,586,154,360,508603,433250,1795,1394,2120,153199,168921,8,20,23,0,0,0
2022-12-25 13:52:01,598,623,155,361,509625,433961,1764,1254,2139,153498,169232,1,8,0,25,0,0
2022-12-25 14:22:01,586,619,155,362,511089,434761,2489,1504,2132,153791,169542,2,3,0,33,0,0
2022-12-25 14:52:01,542,593,154,361,512227,435652,2555,1730,2110,154062,169838,1,8,0,51,0,0
2022-12-25 15:22:01,515,570,153,363,513410,436421,2322,1662,2029,154320,170123,1,11,0,55,0,1
2022-12-25 15:52:01,478,538,151,364,514151,437079,1882,1398,1960,154559,170392,7,24,0,60,0,1
2022-12-25 16:22:01,479,559,151,365,514972,437713,1558,1285,1886,154798,170672,3,18,0,80,0,1
2022-12-25 16:52:01,448,572,151,365,515895,438382,1745,1279,1865,155022,170958,1,9,0,124,0,1
2022-12-25 17:22:01,443,565,151,364,516726,439108,1751,1392,1833,155244,171240,12,30,0,122,0,1
2022-12-25 17:52:02,436,563,151,362,517504,439758,1503,1334,1788,155462,171522,4,10,0,127,0,1
2022-12-25 18:23:01,450,556,150,364,518480,440467,1632,1236,1764,155694,171809,0,12,0,106,0,1
2022-12-25 18:53:01,414,546,150,366,519214,440983,1570,1160,1774,155901,172082,11,10,0,132,0,1
2022-12-25 19:23:01,445,522,150,366,519949,441566,1466,1081,1718,156124,172343,10,20,0,77,0,1
2022-12-25 19:53:01,425,524,150,367,520605,442059,1356,1060,1726,156336,172605,9,21,0,99,0,1
2022-12-25 20:23:01,391,494,149,369,521352,442622,1405,1062,1690,156532,172852,13,26,0,103,0,1
2022-12-25 20:53:01,387,470,150,366,522091,443205,1447,1125,1636,156725,173087,5,16,0,83,0,1
2022-12-25 21:23:01,393,461,151,366,522873,443724,1520,1104,1604,156922,173317,8,22,0,68,0,1
2022-12-25 21:53:01,372,449,151,366,523615,444236,1556,1056,1569,157108,173542,5,17,0,77,0,1
2022-12-25 22:23:01,347,452,150,367,524404,444737,1526,1017,1503,157281,173768,8,19,0,105,0,1
2022-12-25 22:53:01,351,409,150,366,525284,445301,1636,1046,1442,157457,173972,5,12,0,58,0,1
2022-12-25 23:23:01,325,427,151,366,526039,445844,1644,1110,1352,157619,174186,2,15,0,102,0,1
2022-12-25 23:53:01,284,394,150,367,526736,446329,1397,993,1249,157761,174383,2,23,0,110,0,1
2022-12-26 00:23:01,272,364,147,370,527261,446687,1107,803,1196,157897,174565,12,27,0,92,0,1
2022-12-26 00:53:01,280,348,146,371,527631,446999,891,675,1161,158037,174739,7,25,0,68,0,1
2022-12-26 01:23:01,282,355,146,369,528042,447311,795,646,1147,158178,174916,4,19,0,73,0,1
2022-12-26 01:53:01,273,346,145,369,528443,447632,785,597,1138,158315,175089,6,12,0,73,0,1
2022-12-26 02:23:01,301,362,145,367,528826,447962,778,651,1177,158465,175270,0,12,0,61,0,1
2022-12-26 02:53:02,335,358,143,370,529323,448292,907,677,1223,158633,175450,3,14,0,23,0,0
2022-12-26 03:24:01,360,397,143,371,529826,448672,995,703,1276,158819,175655,2,11,0,37,0,1
2022-12-26 03:54:01,379,422,143,372,530348,449138,974,827,1356,159008,175866,4,7,0,43,0,1
2022-12-26 04:24:01,391,426,144,371,530968,449561,1148,893,1379,159204,176079,10,18,0,35,0,0
2022-12-26 04:54:01,403,439,145,371,531658,450042,1234,861,1481,159405,176298,19,25,0,36,0,0
2022-12-26 05:24:01,416,491,146,370,532370,450455,1328,846,1566,159613,176544,2,3,0,75,0,1
2022-12-26 05:54:01,426,505,148,370,533223,450970,1563,903,1582,159826,176796,7,11,0,79,0,1
2022-12-26 06:24:01,446,517,148,370,533960,451602,1618,1180,1633,160049,177055,13,22,0,71,0,1
2022-12-26 06:54:01,504,528,148,369,534760,452296,1533,1318,1704,160301,177319,14,18,0,24,0,0
2022-12-26 07:24:01,492,499,148,370,535558,452987,1552,1320,1776,160547,177568,2,9,0,7,0,0
2022-12-26 07:54:02,529,546,148,370,536428,453921,1655,1604,1981,160812,177841,3,2,0,17,0,0
2022-12-26 08:25:01,536,582,148,370,537475,454719,1869,1694,2007,161089,178142,10,16,0,46,0,0
2022-12-26 08:55:02,566,588,148,370,538421,455410,1995,1493,2091,161372,178436,14,19,0,22,0,0
2022-12-26 09:26:02,625,615,146,371,539695,456332,2158,1579,2203,161695,178754,4,19,10,0,0,0
2022-12-26 09:57:01,644,646,144,372,540822,457188,2349,1696,2247,162027,179087,8,16,0,2,0,0
2022-12-26 10:27:02,661,681,143,370,541915,458084,2262,1775,2283,162358,179428,4,4,0,20,0,0
2022-12-26 10:58:01,686,714,144,371,543065,458966,2239,1720,2388,162712,179797,0,7,0,28,0,0
2022-12-26 11:28:01,715,757,146,370,544272,459929,2361,1849,2521,163070,180175,12,14,0,42,0,0
2022-12-26 11:58:01,734,818,145,374,545531,460998,2481,2048,2655,163437,180584,6,11,0,84,0,1
2022-12-26 12:28:01,738,803,143,375,546936,462123,2648,2156,2670,163806,180986,3,22,0,65,0,0
2022-12-26 12:58:01,723,783,143,376,548296,463245,2778,2259,0,164167,181377,6,19,0,60,0,0
2022-12-26 13:28:01,728,770,143,376,550010,464470,3067,2296,2715,164531,181762,7,25,0,42,0,0
2022-12-26 13:58:02,691,809,143,375,551439,465674,3152,2433,2732,164877,182167,2,4,0,118,0,1
2022-12-26 14:29:01,654,804,143,375,552741,466674,2675,2134,2675,165215,182582,0,10,0,150,0,1
2022-12-26 14:59:01,599,762,142,376,553979,467794,2554,2133,2499,165514,182963,0,21,0,163,0,1
2022-12-26 15:29:01,581,708,140,377,555131,468752,2374,2067,2427,165805,183317,12,24,0,127,0,1
2022-12-26 15:59:01,564,684,139,378,556180,469623,2214,1871,2300,166087,183659,3,8,0,120,0,1
2022-12-26 16:29:02,564,651,139,378,557200,470541,2241,1885,2301,166369,183985,4,16,0,87,0,1
2022-12-26 17:00:01,544,625,136,379,558276,471516,2094,1869,2225,166650,184307,4,26,0,81,0,1
2022-12-26 17:30:01,522,590,138,378,559301,472523,2099,1938,2149,166911,184602,12,34,0,68,0,1
2022-12-26 18:00:02,483,591,141,377,560329,473314,2037,1786,2096,167152,184898,4,23,0,108,0,1
2022-12-26 18:30:02,481,575,140,377,561387,474230,2207,1826,2003,167393,185186,5,12,0,94,0,1
2022-12-26 19:00:02,457,580,138,376,562256,475019,1776,1629,1957,167621,185476,3,25,0,123,0,1
2022-12-26 19:30:02,454,595,137,377,563211,475836,1826,1568,1938,167848,185773,0,19,0,141,0,1
2022-12-26 20:01:01,427,553,137,381,564130,476780,1774,1686,1870,168069,186059,6,26,0,126,0,1
2022-12-26 20:31:01,437,518,137,381,564988,477619,1719,1725,1781,168287,186318,5,20,0,81,0,1
2022-12-26 21:01:01,428,522,137,380,565807,478313,1652,1532,1725,168501,186579,0,12,0,94,0,1
2022-12-26 21:31:01,426,478,135,378,566550,479047,1553,1431,1628,168714,186818,1,17,0,52,0,1
2022-12-26 22:01:01,392,450,136,378,567247,479577,1382,1178,1607,168910,187043,3,17,0,58,0,1
2022-12-26 22:31:01,375,443,135,380,567975,480132,1418,1086,1540,169098,187264,1,13,0,68,0,1
2022-12-26 23:01:01,351,416,135,378,568675,480734,1459,1183,1487,169273,187472,1,15,0,65,0,1
2022-12-26 23:31:02,333,365,135,378,569440,481446,1434,1269,1372,169440,187655,1,17,0,32,0,0
2022-12-27 00:01:02,308,371,137,378,570060,481937,1363,1197,1240,169594,187840,2,6,0,63,0,1
2022-12-27 00:32:01,287,368,139,378,570559,482323,990,724,1204,169742,188030,15,6,0,81,0,1
2022-12-27 01:02:01,286,349,140,378,571032,482758,957,819,1199,169885,188205,4,14,0,63,0,1
2022-12-27 01:32:01,299,342,140,378,571536,483238,1016,950,1179,170035,188376,5,17,0,43,0,1
2022-12-27 02:02:01,318,345,138,380,572133,483688,1096,929,1225,170194,188548,4,12,0,27,0,0
2022-12-27 02:32:01,343,363,138,378,572639,484114,1024,845,1267,170365,188730,3,7,0,20,0,0
2022-12-27 03:02:01,342,393,137,378,573096,484456,879,710,1316,170536,188926,0,8,0,51,0,1
2022-12-27 03:32:02,366,402,136,381,573646,484892,1017,780,1342,170719,189127,7,14,0,36,0,0
2022-12-27 04:03:01,379,416,136,381,574252,485346,1041,797,1374,170915,189342,4,21,0,37,0,0
2022-12-27 04:33:01,404,458,136,382,574888,485898,1174,940,1479,171117,189571,0,13,0,54,0,1
2022-12-27 05:03:01,399,469,136,383,575717,486549,1469,1185,1565,171316,189806,2,22,0,70,0,1
2022-12-27 05:33:01,439,470,135,384,576377,487142,1500,1274,1576,171536,190041,9,17,0,31,0,0
2022-12-27 06:03:01,463,482,135,384,577161,487743,1394,1120,1700,171767,190282,5,16,0,19,0,0
2022-12-27 06:33:01,487,531,135,384,578060,488442,1673,1325,1809,172011,190547,1,22,0,44,0,0
2022-12-27 07:03:01,502,542,135,383,579013,489057,1835,1290,1854,172262,190818,6,23,0,40,0,0
2022-12-27 07:33:01,518,566,135,384,579992,489658,1933,1223,1889,172521,191101,5,6,0,48,0,0
2022-12-27 08:03:01,521,575,135,383,581091,490317,2057,1235,1940,172781,191389,11,14,0,54,0,1
2022-12-27 08:33:01,579,592,137,383,581942,491034,1885,1355,2001,173071,191685,1,21,0,13,0,0
2022-12-27 09:03:01,597,634,137,382,582955,491696,1771,1286,2174,173369,192002,7,24,0,37,0,0
2022-12-27 09:33:01,622,647,137,384,584053,492535,1994,1455,2229,173680,192325,14,25,0,25,0,0
2022-12-27 10:03:01,633,670,133,385,584997,493283,1991,1533,2286,173997,192660,14,32,0,37,0,0
2022-12-27 10:33:01,658,686,134,385,585936,494056,1925,1567,2369,174326,193003,17,41,0,28,0,0
2022-12-27 11:03:01,706,701,133,384,587003,494754,1902,1415,2442,174679,193354,5,14,5,0,0,0
2022-12-27 11:33:01,740,729,130,385,588142,495652,2196,1563,2530,175049,193718,17,27,11,0,0,0
2022-12-27 12:03:01,743,732,131,384,589327,496771,2252,1967,2630,175420,194084,12,18,11,0,0,0
2022-12-27 12:33:01,783,732,133,381,590591,497907,2451,2287,2663,175812,194450,17,15,51,0,0,0
2022-12-27 13:03:02,746,725,133,381,591923,498867,2651,2097,2666,176185,194813,13,21,21,0,0,0
2022-12-27 13:34:02,738,736,132,382,593611,499867,3017,1920,2598,176566,195193,5,22,2,0,0,0
2022-12-27 14:05:02,710,750,132,384,594878,500809,2800,1831,2563,176933,195581,0,7,0,40,0,0
2022-12-27 14:35:02,669,738,130,385,595971,501845,2270,1861,2525,177268,195950,5,22,0,69,0,1
2022-12-27 15:05:02,635,724,130,385,597026,502687,2078,1816,2509,177585,196312,19,37,0,89,0,1
2022-12-27 15:35:02,629,680,130,386,598024,503680,1962,1801,2430,177900,196652,14,30,0,51,0,0
2022-12-27 16:05:02,599,717,129,386,599172,504616,2173,1956,2346,178199,197010,1,10,0,118,0,1
2022-12-27 16:35:02,555,686,129,388,600470,505713,2455,2038,2255,178477,197353,0,31,0,131,0,1
2022-12-27 17:06:01,568,655,129,388,601862,506883,2588,2151,2140,178770,197691,9,15,0,87,0,1
2022-12-27 17:36:01,584,631,127,386,603091,507897,2449,2076,2147,179062,198007,9,17,0,47,0,0
2022-12-27 18:06:01,556,641,128,386,604242,508684,2422,1826,2159,179340,198327,2,13,0,85,0,1
2022-12-27 18:36:01,524,635,129,386,605401,509664,2313,1770,2118,179602,198645,10,22,0,111,0,1
2022-12-27 19:06:02,532,591,128,385,606403,510340,2176,1650,2057,179868,198941,1,18,0,59,0,1
2022-12-27 19:36:02,487,569,129,386,607545,511068,2181,1432,1965,180112,199225,8,26,0,82,0,1
2022-12-27 20:07:02,450,587,129,387,608597,511832,2117,1441,1959,180344,199528,0,26,0,137,0,1
2022-12-27 20:38:01,444,590,127,389,609593,512746,2062,1668,1861,180573,199833,2,27,0,146,0,1
2022-12-27 21:08:02,398,567,126,391,610481,513549,1884,1698,1825,180773,200117,5,21,0,169,0,1
2022-12-27 21:39:01,374,513,123,392,611278,514206,1624,1422,1640,180966,200382,6,40,0,139,0,1
2022-12-27 22:09:01,351,450,122,393,612093,514687,1604,1135,1578,181141,200607,9,47,0,99,0,1
2022-12-27 22:39:02,321,418,120,391,612761,515240,1449,1029,1417,181302,200816,4,35,0,97,0,1
2022-12-27 23:10:02,319,410,121,392,613315,515711,1201,1024,1344,181467,201028,1,19,0,91,0,1
2022-12-27 23:41:01,293,375,120,390,613947,516165,1151,927,1294,181618,201221,0,13,0,82,0,1
2022-12-28 00:11:01,279,356,119,389,614521,516589,1212,880,1219,181757,201399,0,12,0,77,0,1
2022-12-28 00:41:01,280,352,119,391,615110,516983,1158,807,1183,181897,201575,6,9,0,72,0,1
2022-12-28 01:11:01,271,350,119,393,615690,517359,1176,771,1154,182033,201750,0,6,0,79,0,1
2022-12-28 01:41:01,295,343,116,393,616272,517838,1148,851,1159,182180,201922,0,4,0,48,0,1
2022-12-28 02:11:02,298,344,117,396,616746,518276,1062,912,1200,182329,202094,0,6,0,46,0,1
2022-12-28 02:42:01,322,368,115,396,617290,518654,987,759,1249,182496,202284,0,9,0,46,0,1
2022-12-28 03:12:01,333,383,114,397,617905,519203,1122,895,1319,182662,202475,0,10,0,50,0,1
2022-12-28 03:42:01,360,415,114,397,618532,519728,1213,1055,1372,182842,202683,0,7,0,55,0,1
2022-12-28 04:12:02,367,400,113,396,619140,520207,1240,1007,1389,183026,202883,1,10,0,33,0,0
2022-12-28 04:43:01,374,435,113,393,619738,520564,1085,808,1438,183219,203108,0,18,0,61,0,1
2022-12-28 05:13:01,371,433,112,394,620408,521033,1179,776,1519,183405,203324,2,24,0,62,0,1
2022-12-28 05:43:01,429,454,109,398,621164,521640,1427,1086,1582,183619,203551,1,22,0,25,0,0
2022-12-28 06:13:01,451,468,109,398,621834,522181,1500,1206,1633,183845,203785,5,13,0,17,0,0
2022-12-28 06:43:02,448,480,109,396,622583,522777,1376,1101,1702,184069,204025,0,17,0,32,0,0
2022-12-28 07:14:01,431,510,109,397,623479,523519,1531,1234,1767,184291,204289,0,15,0,79,0,1
2022-12-28 07:44:01,480,503,109,398,624355,524135,1681,1258,1839,184531,204540,1,14,0,23,0,0
2022-12-28 08:14:01,513,534,108,397,625200,524818,1705,1298,1869,184788,204807,1,16,0,21,0,0
2022-12-28 08:44:01,547,558,110,398,626038,525563,1627,1365,2018,185061,205086,0,9,0,11,0,0
2022-12-28 09:14:01,568,572,110,397,626896,526317,1618,1453,2034,185345,205372,0,11,0,4,0,0
2022-12-28 09:44:01,608,591,111,396,627891,527220,1863,1678,2072,185649,205668,1,7,17,0,0,0
2022-12-28 10:14:01,604,618,111,397,628928,527934,2060,1624,2116,185951,205977,4,16,0,14,0,0
2022-12-28 10:44:01,627,633,111,398,629862,528855,1956,1653,2168,186265,206293,3,14,0,6,0,0
2022-12-28 11:14:02,660,659,111,397,630813,529569,1874,1653,2321,186595,206623,0,12,1,0,0,0
2022-12-28 11:45:02,706,691,112,398,632005,530386,2136,1527,2448,186960,206980,6,19,15,0,0,0
2022-12-28 12:16:01,756,681,111,398,633070,531265,2158,1617,2495,187350,207331,0,22,75,0,1,0
2022-12-28 12:46:01,751,717,109,399,634070,532418,1927,1971,2521,187726,207690,6,26,34,0,0,0
2022-12-28 13:16:01,752,726,111,398,635260,533498,2185,2233,2593,188102,208053,4,22,26,0,0,0
2022-12-28 13:46:01,741,707,113,395,636534,534920,2518,2554,2591,188472,208406,4,8,34,0,0,0
2022-12-28 14:16:01,685,694,115,396,638171,536146,2929,2707,2573,188815,208753,4,26,0,9,0,0
2022-12-28 14:46:01,639,680,113,396,639470,537118,3002,2267,2465,189134,209093,7,32,0,41,0,0
2022-12-28 15:16:01,599,633,115,396,640397,537980,2255,1855,2451,189434,209410,7,35,0,34,0,0
2022-12-28 15:46:01,556,629,114,396,641465,538857,1996,1744,2253,189712,209724,1,29,0,73,0,1
2022-12-28 16:16:02,549,615,113,396,642343,539652,1986,1688,2149,189986,210032,4,26,0,66,0,1
2022-12-28 16:47:01,519,611,110,397,643339,540395,1904,1574,2173,190254,210348,0,22,0,92,0,1
2022-12-28 17:17:01,503,561,111,400,644143,541108,1804,1421,2104,190506,210628,5,25,0,58,0,1
2022-12-28 17:47:01,498,585,111,399,645059,541804,1774,1477,2064,190755,210921,2,9,0,87,0,1
2022-12-28 18:17:01,487,534,111,399,645864,542600,1723,1496,2025,190998,211188,15,29,0,47,0,0
2022-12-28 18:47:01,480,535,112,396,646610,543304,1552,1518,2001,191238,211455,14,28,0,55,0,1
2022-12-28 19:17:01,492,523,113,397,647505,544080,1664,1498,1978,191484,211717,0,20,0,31,0,0
2022-12-28 19:47:01,457,544,112,399,648504,544911,1906,1620,1961,191713,211989,4,6,0,87,0,1
2022-12-28 20:17:02,442,519,108,399,649422,545774,1915,1695,1838,191934,212248,3,2,0,77,0,1
2022-12-28 20:48:01,389,511,108,400,650302,546338,1767,1327,1771,192135,212512,0,12,0,122,0,1
2022-12-28 21:18:01,361,474,109,401,651020,546893,1605,1127,1658,192315,212749,2,10,0,113,0,1
2022-12-28 21:48:01,323,443,107,403,651786,547449,1491,1109,1550,192477,212971,0,12,0,120,0,1
2022-12-28 22:18:01,314,411,109,400,652328,547869,1319,984,1447,192634,213176,2,16,0,97,0,1
2022-12-28 22:48:01,301,372,109,400,653024,548273,1217,815,1414,192784,213362,4,15,0,71,0,1
2022-12-28 23:18:01,298,352,109,397,653629,548670,1293,791,1346,192933,213538,12,23,0,54,0,1
2022-12-28 23:48:01,283,325,110,400,654299,549009,1292,747,1255,193075,213701,13,23,0,42,0,1
2022-12-29 00:18:01,268,313,108,400,654779,549267,1102,596,1211,193209,213857,7,20,0,45,0,1
2022-12-29 00:48:01,262,298,108,400,655175,549508,883,500,1197,193340,214006,9,26,0,36,0,1
2022-12-29 01:18:01,250,293,107,400,655574,549741,795,474,1129,193465,214153,6,17,0,43,0,1
2022-12-29 01:48:01,267,307,107,401,656014,550003,840,497,1161,193598,214306,7,20,0,40,0,1
2022-12-29 02:18:02,272,315,108,401,656360,550261,782,510,1162,193734,214464,7,21,0,43,0,1
2022-12-29 02:49:01,282,342,108,404,656848,550609,860,632,1208,193880,214640,11,18,0,60,0,1
2022-12-29 03:19:01,297,349,108,404,657344,551007,1003,760,1258,194028,214815,9,22,0,52,0,1
2022-12-29 03:49:01,326,392,106,402,657897,551350,1053,731,1308,194191,215011,7,13,0,66,0,1
2022-12-29 04:19:01,333,410,107,400,658519,551805,1162,799,1424,194358,215216,3,19,0,77,0,1
2022-12-29 04:49:02,349,454,107,400,659290,552384,1434,1085,1504,194532,215443,0,3,0,105,0,1
2022-12-29 05:20:02,381,466,107,404,659815,552962,1297,1168,1599,194729,215684,0,3,0,85,0,1
2022-12-29 05:51:01,407,466,108,403,660463,553628,1176,1251,1638,194939,215924,2,11,0,59,0,1
2022-12-29 06:21:01,427,484,110,401,661088,554068,1211,1048,1654,195153,216166,4,13,0,57,0,1
2022-12-29 06:51:01,422,482,108,403,661897,554673,1404,1044,1672,195364,216407,8,17,0,60,0,1
2022-12-29 07:21:02,458,515,108,404,662643,555235,1552,1157,1704,195593,216665,7,16,0,57,0,1
2022-12-29 07:52:02,493,546,107,404,663452,555878,1444,1106,1846,195848,216947,0,10,0,53,0,1
2022-12-29 08:23:02,552,543,107,404,664111,556426,1306,1069,1912,196133,217228,1,6,9,0,0,0
2022-12-29 08:53:02,547,571,106,403,664989,557078,1545,1210,2019,196407,217513,0,4,0,24,0,0
2022-12-29 09:24:01,570,604,105,404,666126,557934,1766,1334,2030,196701,217825,3,8,0,34,0,0
2022-12-29 09:54:01,566,624,104,403,667074,558610,1895,1414,2122,196984,218137,15,19,0,58,0,1
2022-12-29 10:24:02,587,638,104,405,667961,559234,1900,1358,2144,197278,218456,7,11,0,51,0,0
2022-12-29 10:54:02,567,665,104,404,668920,559896,1826,1307,2217,197561,218789,13,23,0,98,0,1
2022-12-29 11:25:01,598,711,105,405,669979,560681,2053,1452,2282,197870,219156,16,22,0,113,0,1
2022-12-29 11:55:01,624,726,105,407,671144,561598,2123,1649,2410,198182,219519,17,23,0,102,0,1
2022-12-29 12:25:02,678,738,105,404,672383,562665,2390,1958,2544,198521,219888,7,9,0,60,0,0
2022-12-29 12:55:02,682,727,107,404,673686,563683,2506,2049,2568,198862,220252,23,21,0,45,0,0
2022-12-29 13:26:01,699,723,107,404,674940,564626,2426,1860,2535,199223,220625,9,13,0,24,0,0
2022-12-29 13:56:02,678,760,103,406,676271,565597,2592,1931,2575,199562,221005,2,14,0,82,0,1
2022-12-29 14:27:01,685,732,101,406,677461,566669,2541,2064,2564,199916,221383,8,11,0,47,0,0
2022-12-29 14:57:01,681,744,102,408,678561,567777,2248,2169,2481,200256,221755,4,12,0,63,0,0
2022-12-29 15:27:01,611,721,99,410,679836,568721,2422,2093,2398,200562,222116,0,6,0,110,0,1
2022-12-29 15:57:01,595,680,98,412,681067,569702,2534,1929,2315,200859,222456,8,8,0,85,0,1
2022-12-29 16:27:01,567,655,97,411,682217,570657,2400,1945,2219,201143,222783,8,12,0,88,0,1
2022-12-29 16:57:01,551,627,98,410,683497,571639,2432,1968,2189,201418,223097,3,1,0,76,0,1
2022-12-29 17:27:01,527,624,99,411,684692,572528,2514,1933,2076,201682,223409,0,11,0,97,0,1
2022-12-29 17:57:01,483,582,96,413,685926,573313,2465,1710,2056,201923,223700,14,23,0,99,0,1
2022-12-29 18:27:01,466,576,97,411,686957,573956,2279,1439,2005,202156,223988,11,22,0,110,0,1
2022-12-29 18:57:01,430,552,97,412,687807,574591,2096,1405,1915,202371,224264,27,22,0,122,0,1
2022-12-29 19:27:02,424,552,95,413,688484,575135,1528,1181,1862,202584,224540,24,31,0,128,0,1
2022-12-29 19:58:01,411,532,93,414,689361,575786,1585,1210,1870,202796,224815,10,23,0,121,0,1
2022-12-29 20:28:01,407,525,92,414,690270,576521,1836,1432,1808,202999,225077,6,19,0,118,0,1
2022-12-29 20:58:01,402,506,92,413,691224,577330,1949,1590,1760,203200,225330,5,13,0,104,0,1
2022-12-29 21:28:01,370,452,90,414,692152,578083,1899,1575,1684,203385,225556,6,24,0,82,0,1
2022-12-29 21:58:01,362,410,92,415,692980,578825,1709,1496,1515,203566,225761,3,11,0,48,0,1
2022-12-29 22:28:01,354,400,92,413,693750,579370,1596,1262,1430,203743,225961,0,9,0,46,0,1
2022-12-29 22:58:01,326,362,92,413,694592,579920,1682,1145,1361,203906,226142,3,6,0,36,0,0
2022-12-29 23:28:01,294,335,94,413,695266,580353,1503,967,1278,204053,226310,0,2,0,41,0,1
2022-12-29 23:58:01,291,317,94,416,695835,580807,1253,901,1199,204199,226468,0,2,0,26,0,0
2022-12-30 00:28:01,255,314,91,416,696552,581233,1361,921,1152,204326,226625,2,7,0,59,0,1
2022-12-30 00:58:01,238,326,89,417,697081,581579,1250,779,1158,204445,226788,3,5,0,88,0,1
2022-12-30 01:28:01,249,330,87,418,697593,581940,1044,713,1165,204570,226953,5,6,0,81,0,1
2022-12-30 01:58:01,254,328,85,419,698049,582249,981,681,1158,204697,227117,12,9,0,74,0,1
2022-12-30 02:28:01,278,330,84,418,698496,582540,891,610,1194,204836,227282,7,12,0,52,0,1
2022-12-30 02:58:01,303,342,84,419,699064,582851,1051,618,1241,204987,227453,7,11,0,39,0,1
2022-12-30 03:28:01,321,369,84,419,699696,583297,1201,755,1309,205148,227638,5,10,0,48,0,1
2022-12-30 03:58:01,298,416,83,420,700356,583658,1303,813,1362,205297,227846,5,10,0,118,0,1
2022-12-30 04:28:01,324,423,84,422,700912,584058,1248,780,1396,205459,228057,5,10,0,99,0,1
2022-12-30 04:58:01,327,427,85,421,701557,584554,1205,899,1419,205622,228271,14,19,0,100,0,1
2022-12-30 05:28:01,369,434,86,421,702302,585184,1413,1158,1546,205807,228488,6,13,0,65,0,1
2022-12-30 05:58:01,383,475,84,422,703040,585732,1560,1218,1606,205998,228725,1,13,0,92,0,1
2022-12-30 06:28:01,419,506,84,423,703797,586242,1507,1069,1684,206208,228978,6,11,0,87,0,1
2022-12-30 06:58:01,420,475,82,423,704816,586885,1782,1152,1719,206418,229216,10,10,0,55,0,1
2022-12-30 07:28:01,433,452,82,424,705451,587419,1732,1212,1689,206634,229442,6,15,0,19,0,0
2022-12-30 07:58:01,498,481,84,424,706343,588127,1632,1306,1909,206883,229682,11,12,17,0,0,0
2022-12-30 08:28:01,546,510,83,423,707270,589006,1868,1634,2004,207156,229937,2,5,36,0,0,0
2022-12-30 08:58:01,541,560,83,422,708196,589791,1849,1692,2078,207427,230217,6,2,0,19,0,0
2022-12-30 09:28:01,547,580,84,421,709242,590656,2016,1669,2075,207700,230507,8,3,0,33,0,0
2022-12-30 09:58:01,552,590,87,417,710171,591440,2028,1730,2103,207976,230802,0,8,0,38,0,0
2022-12-30 10:28:01,554,600,88,417,711038,592116,1811,1476,2134,208253,231102,9,14,0,46,0,0
2022-12-30 10:58:01,543,639,86,418,712117,592906,1948,1472,2249,208525,231422,16,18,0,96,0,1
2022-12-30 11:29:01,598,673,87,418,713243,593802,2265,1752,2273,208834,231769,8,15,0,75,0,1
2022-12-30 11:59:01,631,694,86,419,714513,594650,2423,1742,2362,209149,232116,17,21,0,63,0,0
2022-12-30 12:29:01,629,708,86,420,715891,595696,2682,1929,2404,209464,232470,14,8,0,79,0,1
2022-12-30 12:59:01,626,735,86,419,717427,596794,2869,2168,2415,209777,232838,10,5,0,109,0,1
2022-12-30 13:29:01,593,730,87,418,718839,597792,2882,1980,2422,210073,233203,15,13,0,137,0,1
2022-12-30 13:59:01,606,727,87,418,720186,599015,2811,2275,2427,210376,233566,26,24,0,121,0,1
2022-12-30 14:29:01,558,723,86,420,721635,599841,2750,2001,2401,210655,233928,11,11,0,165,0,1
2022-12-30 14:59:01,539,710,84,422,722967,600668,2881,1693,2381,210925,234283,6,8,0,171,0,1
2022-12-30 15:29:01,512,681,84,421,724293,601479,2677,1671,2250,211181,234623,11,23,0,169,0,1
2022-12-30 15:59:01,488,674,82,423,725788,602412,2879,1729,2197,211425,234960,8,28,0,186,0,1
2022-12-30 16:29:01,470,649,80,427,727022,603453,2802,2075,2156,211660,235285,22,26,0,179,0,1
2022-12-30 16:59:01,449,594,79,428,728077,604230,2295,1823,2153,211884,235582,18,21,0,145,0,1
2022-12-30 17:29:01,430,591,79,427,729073,604906,2064,1473,2052,212099,235877,18,30,0,161,0,1
2022-12-30 17:59:01,472,607,78,428,730147,605604,2103,1403,2104,212335,236181,4,9,0,135,0,1
2022-12-30 18:29:01,456,594,79,428,731236,606384,2192,1515,2053,212563,236478,3,15,0,138,0,1
2022-12-30 18:59:01,465,583,79,428,732318,607174,2171,1584,2002,212796,236769,3,20,0,118,0,1
2022-12-30 19:29:01,446,585,78,428,733357,607998,2132,1626,1959,213019,237062,8,12,0,139,0,1
2022-12-30 19:59:01,419,582,77,429,734493,608734,2161,1558,1952,213228,237353,7,20,0,163,0,1
2022-12-30 20:29:01,400,588,78,429,735576,609545,2302,1616,1920,213428,237647,5,34,0,188,0,1
2022-12-30 20:59:01,367,530,77,429,736409,610290,1917,1557,1824,213612,237912,7,28,0,163,0,1
2022-12-30 21:29:01,359,493,78,429,737201,610923,1564,1359,1736,213791,238158,25,43,0,134,0,1
2022-12-30 21:59:01,327,478,77,429,738089,611476,1758,1228,1670,213955,238397,5,27,0,151,0,1
2022-12-30 22:29:01,303,433,76,430,738894,612056,1676,1112,1559,214106,238614,4,24,0,130,0,1
2022-12-30 22:59:01,280,422,76,430,739615,612492,1505,994,1481,214246,238825,4,26,0,142,0,1
2022-12-30 23:29:01,279,410,76,429,740340,612965,1485,927,1368,214386,239030,5,15,0,131,0,1
2022-12-30 23:59:01,252,412,75,430,741039,613569,1449,1105,1372,214512,239236,0,11,0,160,0,1
2022-12-31 00:29:01,238,390,74,430,741768,614152,1456,1221,1297,214631,239431,0,16,0,152,0,1
2022-12-31 00:59:01,244,376,73,430,742364,614697,1269,1110,1282,214753,239619,0,21,0,132,0,1
2022-12-31 01:29:01,227,371,73,430,743026,615165,1270,1022,1195,214866,239804,1,20,0,144,0,1
2022-12-31 02:00:01,240,385,73,430,743610,615592,1218,866,1175,214990,240003,1,8,0,145,0,1
2022-12-31 02:30:02,227,372,71,430,744172,616062,1142,898,1192,215104,240189,1,9,0,145,0,1
2022-12-31 03:00:02,239,409,69,431,744741,616510,1165,905,1232,215223,240394,0,13,0,170,0,1
2022-12-31 03:30:02,276,450,65,433,745562,617197,1426,1167,1332,215361,240619,0,30,0,174,0,1
