Timestamp,WardenPlayers,ColonialPlayers,WardenCaptures,ColonialCaptures,WardenCasualties,ColonialCasualties,WardenCasualtyRate,ColonialCasualtyRate,SteamPlayers,WardenPlayHours,ColonialPlayHours,Target
2021-11-15 09:58:01,1,1,261,220,0,0,0,0,2410,0,0,0
2021-11-15 10:28:01,1093,882,257,247,1121,1083,1266,1268,3092,546,441,0
2021-11-15 10:58:01,1091,901,273,261,3940,3847,3979,3891,3192,1092,891,0
2021-11-15 11:28:01,1197,973,277,266,6156,5948,5010,4941,3168,1690,1378,0
2021-11-15 11:58:01,1176,958,283,266,8477,8224,4509,4357,3169,2278,1857,0
2021-11-15 12:28:01,1127,932,288,266,10625,10363,4558,4502,3063,2842,2323,0
2021-11-15 12:58:01,1050,905,289,266,13003,12883,4565,4702,2927,3367,2775,0
2021-11-15 13:28:01,1029,895,289,266,15134,15087,4524,4714,2920,3881,3223,0
2021-11-15 13:58:02,939,878,288,269,17215,17565,4359,4956,2771,4351,3662,0
2021-11-15 14:29:01,907,832,288,269,19040,19643,3834,4418,2651,4819,4091,0
2021-11-15 14:59:01,853,789,288,269,20913,21532,3673,3973,2506,5246,4486,0
2021-11-15 15:29:02,783,758,287,272,22594,23295,3434,3603,2387,5637,4865,0
2021-11-15 16:00:02,726,736,286,273,24232,24991,3171,3232,2279,6012,5245,0
2021-11-15 16:31:01,698,738,286,273,25791,26607,3162,3279,2276,6373,5626,0
2021-11-15 17:01:01,690,697,286,273,27540,28347,3309,3351,2244,6718,5975,0
2021-11-15 17:31:01,669,670,285,273,29173,30139,3312,3416,2202,7052,6310,0
2021-11-15 18:01:01,654,654,285,273,31072,32035,3513,3669,2157,7379,6637,0
2021-11-15 18:31:01,658,640,284,274,32901,33942,3853,3917,2136,7708,6957,0
2021-11-15 19:01:01,641,610,282,274,34518,35870,3264,3705,2095,8029,7262,0
2021-11-15 19:31:01,605,609,280,276,35841,37676,2832,3555,2028,8331,7566,0
2021-11-15 20:01:01,562,576,280,276,37144,39196,2633,3336,1927,8612,7854,0
2021-11-15 20:31:01,535,557,279,277,38276,40586,2513,3000,1827,8880,8133,0
2021-11-15 21:01:01,507,503,279,277,39693,41906,2494,2648,1707,9133,8384,0
2021-11-15 21:31:02,456,448,277,278,40693,42926,2404,2312,1597,9362,8609,0
2021-11-15 22:02:01,435,406,278,278,41662,43855,1915,1934,1502,9586,8818,0
2021-11-15 22:32:01,385,359,277,279,42387,44452,1692,1493,1370,9779,8998,0
2021-11-15 23:02:01,354,328,278,278,42954,44975,1303,1136,1242,9956,9162,0
2021-11-15 23:32:01,346,337,278,278,43470,45392,1107,941,1199,10129,9330,0
2021-11-16 00:02:01,336,329,278,278,43942,45797,974,797,1167,10297,9495,0
2021-11-16 00:32:01,309,314,278,278,44402,46192,935,801,1086,10451,9652,0
2021-11-16 01:02:01,313,318,279,277,44802,46573,853,758,1055,10608,9811,0
2021-11-16 01:32:01,306,325,279,277,45173,46974,735,736,1054,10761,9973,0
2021-11-16 02:02:01,331,323,279,277,45657,47433,924,922,1105,10926,10135,0
2021-11-16 02:32:01,341,314,278,278,46042,47761,828,720,1072,11097,10292,0
2021-11-16 03:02:01,371,310,278,277,46385,48187,695,752,1136,11282,10447,0
2021-11-16 03:32:02,374,328,279,277,46967,48759,944,999,1160,11469,10611,0
2021-11-16 04:03:01,366,346,279,277,47575,49313,1186,1102,1184,11658,10789,0
2021-11-16 04:33:01,366,369,278,278,48075,49839,1101,1078,1187,11841,10974,0
2021-11-16 05:03:01,395,368,278,278,48474,50359,901,1049,1223,12039,11158,0
2021-11-16 05:33:01,398,378,278,278,48985,50843,921,1001,1261,12238,11347,0
2021-11-16 06:03:01,389,374,277,279,49486,51399,983,1011,1274,12432,11534,0
2021-11-16 06:33:01,413,408,276,279,50006,52046,1017,1200,1331,12639,11738,0
2021-11-16 07:03:01,436,416,274,282,50583,52893,1146,1556,1382,12857,11946,0
2021-11-16 07:33:01,437,438,274,281,51130,53449,1106,1355,1441,13075,12165,0
2021-11-16 08:03:01,454,452,274,281,51643,53976,1008,1054,1501,13302,12391,0
2021-11-16 08:33:01,491,453,274,281,52293,54647,1167,1209,1599,13548,12617,0
2021-11-16 09:03:01,531,459,273,281,52979,55236,1338,1262,1696,13813,12847,0
2021-11-16 09:33:01,608,530,273,281,53729,55944,1427,1273,1870,14117,13112,0
2021-11-16 10:03:01,643,578,273,281,54755,56863,1785,1624,1938,14439,13401,0
2021-11-16 10:33:01,643,596,273,281,55865,57796,2096,1787,1993,14760,13699,0
2021-11-16 11:03:01,687,637,272,281,57117,58745,2383,1920,2132,15104,14017,0
2021-11-16 11:33:01,737,654,271,281,58284,59679,2350,1859,2196,15472,14344,0
2021-11-16 12:03:01,748,673,270,282,59951,61043,2836,2247,2233,15846,14681,0
2021-11-16 12:33:01,689,637,267,283,61348,62430,2727,2571,2173,16191,14999,0
2021-11-16 13:03:01,704,635,266,285,62819,63880,2731,2706,2174,16543,15317,0
2021-11-16 13:33:01,705,625,266,285,63979,65205,2573,2719,2123,16895,15629,0
2021-11-16 14:03:01,667,627,266,285,65418,66858,2607,2988,2075,17229,15943,0
2021-11-16 14:33:01,634,598,265,285,66637,68295,2534,2947,1983,17546,16242,0
2021-11-16 15:03:01,643,585,266,285,68068,69576,2537,2551,1956,17867,16534,0
2021-11-16 15:33:01,594,532,265,285,69320,70947,2693,2659,1823,18164,16800,0
2021-11-16 16:03:02,608,527,265,285,70538,72140,2340,2504,1851,18468,17064,0
2021-11-16 16:34:01,568,511,264,285,71437,73195,1965,2139,1793,18762,17328,0
2021-11-16 17:04:01,556,533,264,286,72460,74124,1856,1929,1785,19040,17595,0
2021-11-16 17:34:02,566,546,264,286,73501,75130,2094,1985,1794,19323,17868,0
2021-11-16 18:04:02,520,550,264,285,74669,76269,2158,2062,1756,19583,18143,0
2021-11-16 18:35:01,533,548,263,286,75961,77962,2119,2517,1752,19858,18426,0
2021-11-16 19:05:02,551,526,263,286,76882,79061,1929,2393,1730,20134,18689,0
2021-11-16 19:36:01,549,508,263,286,77717,80039,1732,2078,1714,20417,18951,0
2021-11-16 20:06:01,501,487,263,286,78735,80938,1855,1878,1617,20668,19195,0
2021-11-16 20:36:01,475,486,263,287,79534,81863,1794,1814,1542,20905,19438,0
2021-11-16 21:06:01,446,456,263,287,80455,83043,1725,2108,1485,21128,19666,0
2021-11-16 21:36:01,410,427,263,287,81391,84177,1863,2316,1378,21333,19879,0
2021-11-16 22:06:01,395,408,259,289,82096,84937,1643,1899,1312,21531,20083,0
2021-11-16 22:36:01,373,368,259,289,82576,85489,1190,1317,1217,21717,20267,0
2021-11-16 23:06:01,338,352,258,290,83127,86117,1034,1182,1129,21886,20443,0
2021-11-16 23:36:01,313,345,259,289,83800,86881,1244,1395,1083,22043,20616,0
2021-11-17 00:06:01,296,336,259,289,84364,87454,1244,1296,1052,22191,20784,0
2021-11-17 00:36:01,311,337,259,289,84857,88030,1057,1147,1041,22346,20952,0
2021-11-17 01:06:01,304,320,258,290,85463,88519,1102,1069,1013,22498,21112,0
2021-11-17 01:36:01,297,315,258,290,86049,89113,1212,1104,1023,22647,21270,0
2021-11-17 02:06:01,310,337,257,291,86630,89637,1168,1117,1064,22802,21438,0
2021-11-17 02:36:01,294,342,256,291,87130,90042,1076,928,1058,22949,21609,0
2021-11-17 03:06:01,277,351,256,291,87601,90491,943,839,1065,23087,21785,0
2021-11-17 03:36:01,297,343,256,291,88095,90925,966,881,1062,23236,21956,0
2021-11-17 04:06:01,304,350,256,291,88555,91412,955,925,1083,23388,22131,0
2021-11-17 04:36:01,316,348,255,291,89009,91875,908,955,1103,23546,22305,0
2021-11-17 05:06:01,353,372,255,291,89671,92680,1116,1270,1160,23722,22491,0
2021-11-17 05:36:01,358,385,255,291,90245,93333,1291,1503,1175,23901,22684,0
2021-11-17 06:06:01,365,383,254,292,90645,93847,1040,1250,1206,24084,22875,0
2021-11-17 06:36:01,382,384,254,292,91111,94342,865,1009,1230,24275,23067,0
2021-11-17 07:06:01,428,420,253,293,91748,95063,1080,1187,1304,24489,23277,0
2021-11-17 07:36:01,446,420,254,292,92540,95831,1422,1484,1336,24712,23487,0
2021-11-17 08:06:01,399,412,254,292,93254,96489,1559,1465,1439,24911,23693,0
2021-11-17 08:36:01,436,460,254,292,94038,97336,1607,1629,1546,25129,23923,0
2021-11-17 09:06:02,478,511,253,293,94915,98248,1665,1763,1612,25368,24179,0
2021-11-17 09:36:02,546,532,253,293,95674,99285,1626,1949,1760,25641,24445,0
2021-11-17 10:07:01,580,572,253,293,96640,100353,1656,2060,1821,25941,24740,0
2021-11-17 10:37:01,615,629,253,293,97601,101381,1920,2093,1931,26248,25055,0
2021-11-17 11:07:01,622,651,253,293,98711,102372,1960,1793,2030,26559,25380,0
2021-11-17 11:37:02,679,703,253,293,99884,103374,2122,1851,2113,26899,25732,0
2021-11-17 12:09:02,677,706,252,294,102126,105295,3222,2669,2123,27260,26108,0
2021-11-17 12:40:02,673,725,250,296,103652,106734,3205,2892,2156,27608,26483,0
2021-11-17 13:11:01,671,701,249,295,105339,108231,3202,2926,2108,27954,26845,0
2021-11-17 13:41:02,621,682,250,295,106976,109557,3434,2886,2039,28265,27186,0
2021-11-17 14:12:01,542,636,247,298,108289,110773,2898,2524,1943,28545,27515,0
2021-11-17 14:42:01,543,601,247,297,109689,111910,2770,2410,1880,28816,27815,0
2021-11-17 15:12:01,547,591,246,298,110969,113042,2666,2262,1848,29090,28111,0
2021-11-17 15:42:01,530,593,246,299,112283,114140,2742,2338,1827,29355,28407,0
2021-11-17 16:12:01,512,562,245,299,113339,115229,2370,2191,1749,29611,28688,0
2021-11-17 16:42:01,514,537,244,300,114444,116185,2185,2069,1709,29868,28957,0
2021-11-17 17:12:01,505,552,241,301,115436,116931,2091,1681,1703,30120,29233,0
2021-11-17 17:42:01,485,531,241,300,116446,117784,1997,1593,1687,30363,29498,0
2021-11-17 18:12:01,478,523,241,301,117398,118637,1964,1707,1646,30602,29760,0
2021-11-17 18:42:01,465,536,241,301,118301,119474,1859,1687,1644,30834,30028,0
2021-11-17 19:12:01,456,524,242,300,119241,120537,1852,1920,1636,31062,30290,0
2021-11-17 19:42:01,432,510,241,301,120206,121504,1911,2047,1568,31278,30545,0
2021-11-17 20:12:01,414,496,239,303,121272,122333,2006,1754,1512,31485,30793,0
2021-11-17 20:42:01,385,467,237,305,121970,123042,1739,1514,1419,31678,31026,0
2021-11-17 21:12:01,369,428,236,305,122564,123650,1248,1273,1356,31862,31240,0
2021-11-17 21:42:01,360,382,235,305,123111,124140,1132,1094,1276,32042,31431,0
2021-11-17 22:12:01,345,354,236,305,123771,124680,1231,1042,1199,32215,31608,0
2021-11-17 22:42:01,313,336,236,305,124387,125150,1277,1011,1085,32371,31776,0
2021-11-17 23:12:01,303,322,234,306,124900,125560,1140,887,1034,32523,31937,0
2021-11-17 23:42:01,292,301,234,306,125353,125945,963,796,1008,32669,32088,0
2021-11-18 00:12:01,278,279,233,306,125754,126305,859,756,947,32808,32227,0
2021-11-18 00:42:01,273,287,232,306,126099,126658,700,665,921,32944,32371,0
2021-11-18 01:12:01,265,278,233,306,126561,127103,824,813,901,33077,32510,0
2021-11-18 01:42:01,286,276,233,306,126935,127456,855,814,911,33220,32648,0
2021-11-18 02:12:01,291,295,234,304,127378,127854,859,801,922,33365,32795,0
2021-11-18 02:42:01,285,296,234,304,127731,128295,791,813,935,33508,32943,0
2021-11-18 03:12:01,270,312,234,305,128190,128703,811,850,947,33643,33099,0
2021-11-18 03:42:01,278,338,233,305,128569,129008,833,726,984,33782,33268,0
2021-11-18 04:12:01,294,348,232,306,128947,129344,784,649,1003,33929,33442,0
2021-11-18 04:42:01,304,360,231,306,129346,129695,778,687,1031,34081,33622,0
2021-11-18 05:12:01,306,374,230,307,129700,130051,752,708,1054,34234,33809,0
2021-11-18 05:42:01,318,401,230,307,130112,130416,751,708,1116,34393,34010,0
2021-11-18 06:12:01,335,397,227,309,130526,130810,817,741,1138,34560,34208,0
2021-11-18 06:42:01,384,392,227,309,131020,131316,908,901,1199,34752,34404,0
2021-11-18 07:12:01,417,412,227,309,131723,131954,1193,1146,1274,34961,34610,0
2021-11-18 07:42:02,419,437,227,309,132321,132443,1322,1136,1309,35171,34829,0
2021-11-18 08:12:02,444,472,227,309,133044,132992,1399,1112,1424,35393,35065,0
2021-11-18 08:43:01,445,472,225,311,133885,133610,1576,1171,1464,35622,35308,0
2021-11-18 09:13:01,500,503,225,311,134698,134342,1620,1312,1567,35872,35560,0
2021-11-18 09:43:01,517,533,224,312,135589,134980,1672,1324,1629,36131,35826,0
2021-11-18 10:13:01,565,565,223,310,136533,135886,1880,1581,1731,36413,36109,0
2021-11-18 10:43:01,569,595,225,310,137590,136816,2013,1851,1784,36698,36406,0
2021-11-18 11:13:01,590,617,226,309,138813,137887,2224,1975,1835,36993,36715,0
2021-11-18 11:43:01,593,626,225,310,140035,138781,2459,1952,1889,37289,37028,0
2021-11-18 12:13:01,634,643,224,314,141205,139777,2309,1862,1952,37606,37349,0
2021-11-18 12:43:02,628,665,224,315,142379,140851,2349,2070,1995,37921,37682,0
2021-11-18 13:14:01,614,665,223,316,143718,142102,2527,2352,1984,38238,38025,0
2021-11-18 13:44:01,608,632,223,316,145284,143375,2877,2492,1963,38542,38341,0
2021-11-18 14:14:01,602,620,223,316,146668,144666,2886,2489,1914,38843,38651,0
2021-11-18 14:44:01,566,568,224,315,148004,145857,2704,2446,1796,39126,38935,0
2021-11-18 15:14:01,555,552,224,315,149185,147039,2484,2360,1758,39403,39211,0
2021-11-18 15:44:01,544,510,224,315,150195,147970,2192,2114,1674,39675,39466,0
2021-11-18 16:14:01,538,489,223,317,151022,148843,1811,1785,1658,39944,39711,0
2021-11-18 16:44:01,534,504,223,316,151771,149645,1567,1639,1656,40211,39963,0
2021-11-18 17:14:01,534,498,224,316,152662,150489,1655,1686,1680,40478,40212,0
2021-11-18 17:44:01,531,494,224,316,153518,151163,1773,1537,1666,40744,40459,0
2021-11-18 18:14:01,502,488,223,317,154352,151839,1642,1289,1651,40995,40703,0
2021-11-18 18:44:01,476,504,223,317,155112,152526,1579,1337,1694,41233,40955,0
2021-11-18 19:14:01,473,478,222,317,155922,153264,1563,1430,1685,41469,41194,0
2021-11-18 19:44:01,436,456,221,318,156726,154047,1557,1493,1625,41687,41422,0
2021-11-18 20:14:01,434,445,221,318,157411,154785,1453,1500,1551,41904,41644,0
2021-11-18 20:44:01,391,438,221,318,158059,155575,1335,1531,1479,42100,41863,0
2021-11-18 21:14:01,366,426,222,317,158818,156412,1436,1661,1424,42283,42076,0
2021-11-18 21:44:01,344,412,221,317,159476,157120,1436,1574,1357,42455,42282,0
2021-11-18 22:14:01,326,391,222,318,160081,157792,1250,1369,1268,42618,42478,0
2021-11-18 22:44:01,316,357,222,318,160717,158406,1243,1290,1197,42776,42656,0
2021-11-18 23:14:01,335,347,221,319,161276,158940,1179,1147,1144,42943,42830,0
2021-11-18 23:44:01,313,318,221,319,161780,159417,1082,998,1067,43100,42989,0
2021-11-19 00:14:01,303,300,221,319,162198,159773,905,817,1022,43251,43139,0
2021-11-19 00:44:01,289,303,221,319,162625,160154,859,750,969,43396,43290,0
2021-11-19 01:14:01,298,295,221,319,163101,160598,904,830,949,43545,43438,0
2021-11-19 01:44:01,289,296,222,319,163653,161014,1029,865,954,43689,43586,0
2021-11-19 02:14:01,288,311,223,319,164116,161317,1005,732,972,43833,43741,0
2021-11-19 02:44:01,308,299,223,319,164668,161770,1002,757,964,43987,43891,0
2021-11-19 03:14:01,305,306,223,321,165135,162274,1013,958,961,44140,44044,0
2021-11-19 03:44:01,313,291,224,322,165569,162703,889,928,941,44296,44189,0
2021-11-19 04:14:01,322,305,224,322,165994,163084,863,815,986,44457,44342,0
2021-11-19 04:44:02,337,305,224,322,166414,163477,865,794,1006,44626,44495,0
2021-11-19 05:15:02,342,332,224,322,166897,163956,877,874,1062,44802,44666,0
2021-11-19 05:45:02,375,347,224,322,167485,164408,1112,968,1145,44990,44840,0
2021-11-19 06:15:02,408,366,225,321,168114,164857,1273,923,1197,45194,45023,0
2021-11-19 06:46:01,438,379,225,321,168702,165331,1198,916,1255,45420,45218,0
2021-11-19 07:16:01,459,389,225,321,169342,165844,1244,998,1306,45650,45413,0
2021-11-19 07:46:01,475,411,226,320,169950,166345,1212,979,1392,45887,45618,0
2021-11-19 08:16:01,443,405,226,319,170519,166882,1127,1022,1464,46109,45821,0
2021-11-19 08:46:02,478,423,227,319,171099,167500,1131,1148,1547,46348,46032,0
2021-11-19 09:17:01,498,463,227,319,171878,168210,1341,1301,1627,46605,46272,0
2021-11-19 09:47:01,532,484,227,319,172649,168927,1551,1428,1690,46871,46514,0
2021-11-19 10:17:01,557,487,227,319,173663,169859,1829,1697,1751,47149,46757,0
2021-11-19 10:47:02,563,530,227,319,174627,170819,1960,1847,1833,47431,47022,0
2021-11-19 11:18:01,595,550,227,319,175713,171873,1925,1915,1903,47738,47306,0
2021-11-19 11:48:01,608,586,227,319,176773,172893,2142,2099,1948,48042,47599,0
2021-11-19 12:18:01,639,630,226,320,177985,173868,2365,2029,2035,48362,47914,0
2021-11-19 12:48:01,667,629,227,319,179053,174823,2227,1921,2083,48695,48229,0
2021-11-19 13:18:01,689,643,227,319,180358,175975,2344,2073,2122,49040,48550,0
2021-11-19 13:48:01,686,644,227,319,181772,177209,2610,2313,2129,49383,48872,0
2021-11-19 14:18:01,695,639,226,319,182990,178422,2483,2308,2056,49730,49192,0
2021-11-19 14:48:01,731,593,225,321,184119,179572,2403,2401,2040,50096,49488,0
2021-11-19 15:18:01,703,570,225,321,185224,180563,2161,2065,2017,50447,49773,0
2021-11-19 15:48:01,677,553,226,320,186615,181911,2386,2220,1962,50786,50050,0
2021-11-19 16:18:01,658,522,226,320,187904,182835,2717,2277,1845,51115,50311,0
2021-11-19 16:48:01,644,508,227,319,189015,183670,2353,1706,1845,51437,50565,0
2021-11-19 17:18:01,600,480,228,318,189879,184338,1978,1497,1781,51737,50805,0
2021-11-19 17:48:01,633,496,229,317,190798,185086,1664,1365,1797,52053,51053,0
2021-11-19 18:18:01,631,474,231,315,191725,186047,1828,1684,1800,52369,51290,0
2021-11-19 18:48:01,619,453,232,314,192747,187004,1961,1909,1763,52678,51516,0
2021-11-19 19:18:01,622,464,234,312,193677,187805,1896,1699,1779,52989,51748,0
2021-11-19 19:48:01,590,459,234,312,194626,188467,1807,1357,1736,53284,51978,0
2021-11-19 20:18:01,557,473,235,311,195754,189392,2089,1598,1692,53563,52214,0
2021-11-19 20:48:01,546,456,236,311,196815,190376,2240,1949,1697,53836,52442,0
2021-11-19 21:18:01,503,421,235,311,197888,191259,2011,1759,1579,54087,52653,0
2021-11-19 21:48:01,464,387,235,311,198745,191946,1891,1535,1478,54319,52846,0
2021-11-19 22:18:01,435,365,236,310,199511,192580,1629,1326,1399,54537,53029,0
2021-11-19 22:48:01,395,357,237,308,200213,193302,1437,1365,1334,54734,53207,0
2021-11-19 23:18:01,413,347,237,306,200946,193889,1458,1344,1295,54941,53381,0
2021-11-19 23:48:01,402,344,239,306,201608,194430,1393,1138,1242,55142,53553,0
2021-11-20 00:18:01,374,320,238,306,202294,195017,1295,1098,1173,55329,53713,0
2021-11-20 00:48:01,359,334,238,307,202986,195498,1431,1078,1118,55508,53880,0
2021-11-20 01:18:01,347,327,238,307,203688,196076,1323,1027,1081,55682,54043,0
2021-11-20 01:48:01,360,335,238,307,204236,196527,1230,1006,1093,55862,54211,0
2021-11-20 02:18:01,395,337,239,306,204744,197026,1051,949,1147,56059,54379,0
2021-11-20 02:48:01,398,342,239,306,205149,197403,862,829,1155,56258,54550,0
2021-11-20 03:18:01,415,345,239,306,205661,197826,889,758,1196,56466,54723,0
2021-11-20 03:48:01,439,352,239,306,206250,198310,1104,912,1223,56685,54899,0
2021-11-20 04:18:01,467,380,239,306,206957,198836,1254,979,1272,56919,55089,0
2021-11-20 04:48:01,495,391,240,304,207608,199466,1355,1147,1361,57166,55284,0
2021-11-20 05:18:01,529,409,240,304,208241,199970,1196,1046,1432,57431,55489,0
2021-11-20 05:48:01,515,430,242,303,208812,200493,1183,1020,1519,57688,55704,0
2021-11-20 06:18:01,528,437,242,303,209368,201029,1123,1034,1548,57952,55922,0
2021-11-20 06:48:01,571,463,242,303,209870,201494,1023,963,1583,58238,56154,0
2021-11-20 07:18:01,588,482,242,303,210445,202081,1038,1021,1636,58532,56395,0
2021-11-20 07:48:01,629,497,242,303,211187,202684,1327,1174,1741,58846,56643,0
2021-11-20 08:18:01,675,527,242,303,211973,203370,1422,1188,1814,59184,56907,0
2021-11-20 08:48:02,722,526,242,303,212658,204046,1436,1323,1890,59545,57170,0
2021-11-20 09:19:01,771,576,244,300,213463,204867,1480,1504,1996,59943,57467,0
2021-11-20 09:49:01,774,609,244,300,214424,205720,1808,1667,2039,60330,57772,0
2021-11-20 10:19:01,822,634,244,299,215439,206831,1853,1862,2138,60741,58089,0
2021-11-20 10:49:01,841,640,246,299,216793,208244,2374,2530,2164,61162,58409,0
2021-11-20 11:19:01,869,669,247,298,218191,209689,2693,2828,2249,61596,58743,0
2021-11-20 11:49:01,894,657,246,298,219541,211064,2474,2536,2295,62043,59072,0
2021-11-20 12:19:01,938,680,248,297,220854,212351,2493,2496,2369,62512,59412,0
2021-11-20 12:49:01,958,686,249,295,222259,213798,2686,2722,2411,62991,59755,0
2021-11-20 13:19:01,965,709,249,295,223911,215395,3002,2977,2424,63474,60109,0
2021-11-20 13:49:01,916,723,249,295,225654,216970,3335,3064,2420,63932,60471,0
2021-11-20 14:19:02,900,715,250,295,227525,218485,3451,2962,2364,64382,60828,0
2021-11-20 14:50:01,860,648,250,295,229395,220124,3158,2743,2236,64826,61163,0
2021-11-20 15:20:02,861,626,254,291,230841,221584,3088,2972,2192,65257,61476,0
2021-11-20 15:50:02,787,564,254,290,232189,222683,2862,2560,2054,65650,61758,0
2021-11-20 16:21:01,747,548,254,290,233606,223855,2584,2100,1967,66036,62041,0
2021-11-20 16:51:01,666,546,254,290,234789,224897,2412,2080,1871,66369,62314,0
2021-11-20 17:21:01,659,524,254,290,235928,226051,2323,2198,1852,66698,62576,0
2021-11-20 17:51:01,633,485,255,289,236935,227188,2166,2342,1754,67015,62819,0
2021-11-20 18:21:01,603,455,256,289,237777,228193,1929,2238,1684,67316,63046,0
2021-11-20 18:51:01,588,434,259,285,238385,228867,1424,1665,1645,67610,63263,0
2021-11-20 19:21:01,566,453,262,283,238991,229560,1186,1334,1663,67893,63490,0
2021-11-20 19:51:01,554,433,262,283,239726,230440,1341,1573,1660,68170,63706,0
2021-11-20 20:21:01,563,422,262,283,240416,231118,1415,1549,1643,68452,63917,0
2021-11-20 20:51:01,551,461,261,282,241028,231717,1288,1282,1517,68727,64148,0
2021-11-20 21:21:01,508,461,262,282,241835,232548,1422,1437,1341,68981,64378,0
2021-11-20 21:51:01,511,458,263,282,242547,233249,1518,1533,1281,69237,64607,0
2021-11-20 22:21:01,485,434,262,282,243495,234162,1658,1598,1198,69479,64824,0
2021-11-20 22:51:01,476,413,262,283,244217,235060,1688,1866,1156,69717,65031,0
2021-11-20 23:21:01,478,390,261,283,244913,235917,1419,1754,1120,69956,65226,0
2021-11-20 23:51:01,457,375,263,282,245507,236512,1290,1450,1096,70185,65413,0
2021-11-21 00:21:01,443,395,263,281,246206,237307,1296,1392,1073,70406,65611,0
2021-11-21 00:51:01,423,385,264,281,246932,238040,1424,1526,1039,70618,65803,0
2021-11-21 01:21:01,423,395,264,281,247517,238666,1322,1395,1023,70829,66001,0
2021-11-21 01:51:01,444,369,264,281,248150,239344,1231,1327,1052,71051,66185,0
2021-11-21 02:21:01,439,374,264,281,248875,240061,1362,1397,1049,71271,66372,0
2021-11-21 02:51:01,480,373,263,281,249443,240717,1304,1346,1087,71511,66559,0
2021-11-21 03:21:01,480,398,263,281,250184,241364,1306,1282,1118,71751,66758,0
2021-11-21 03:51:01,478,402,262,282,250857,242052,1415,1335,1127,71990,66959,0
2021-11-21 04:21:01,508,433,263,282,251531,242827,1450,1596,1181,72244,67175,0
2021-11-21 04:51:01,531,448,261,282,252300,243519,1444,1461,1229,72509,67399,0
2021-11-21 05:21:01,537,478,261,282,253061,244219,1533,1368,1273,72778,67638,0
2021-11-21 05:51:01,581,491,262,282,253960,244930,1800,1500,1330,73068,67884,0
2021-11-21 06:21:01,603,511,262,283,255040,245721,1980,1506,1392,73370,68139,0
2021-11-21 06:51:01,634,540,263,282,255855,246424,1911,1501,1461,73687,68409,0
2021-11-21 07:21:02,669,566,265,281,256714,247162,1785,1551,1553,74022,68692,0
2021-11-21 07:52:01,273,232,264,282,257699,247977,1778,1560,1565,74163,68812,0
2021-11-21 08:22:01,631,542,265,281,258350,248854,1570,1710,1594,74478,69083,0
2021-11-21 08:52:01,697,599,265,281,259462,250037,1779,2081,1671,74827,69383,0
2021-11-21 09:22:01,748,642,264,281,260546,251141,2196,2288,1738,75201,69704,0
2021-11-21 09:52:01,836,687,263,282,261699,252474,2237,2437,1889,75619,70047,0
2021-11-21 10:22:01,853,734,262,283,263038,253782,2525,2691,1961,76045,70414,0
2021-11-21 10:52:01,858,756,262,283,264636,255303,2938,2834,1975,76474,70792,0
2021-11-21 11:22:01,891,781,262,284,266297,256957,3261,3187,2058,76920,71183,0
2021-11-21 11:52:01,852,786,261,285,267890,258459,3255,3156,2015,77346,71576,0
2021-11-21 12:22:01,855,789,261,285,269368,259752,3072,2792,2033,77773,71970,0
2021-11-21 12:52:01,830,799,261,286,271019,261214,3129,2755,2016,78188,72370,0
2021-11-21 13:22:01,846,803,261,286,272230,262584,2862,2834,1977,78611,72771,0
2021-11-21 13:52:01,835,790,261,286,273549,263988,2531,2775,1951,79029,73166,0
2021-11-21 14:22:01,789,780,260,285,274954,265499,2699,2837,1882,79423,73556,0
2021-11-21 14:52:02,784,713,260,287,276135,266923,2719,3052,1793,79815,73913,0
2021-11-21 15:23:01,708,675,260,287,277362,268289,2446,2854,1686,80181,74261,0
2021-11-21 15:53:01,672,628,261,286,278608,269708,2473,2785,1592,80517,74575,0
2021-11-21 16:23:01,642,593,262,286,279593,270816,2206,2424,1505,80838,74872,0
2021-11-21 16:53:01,625,577,262,286,280621,271933,1994,2213,1467,81150,75160,0
2021-11-21 17:23:01,589,596,261,286,281739,273088,2150,2274,1420,81445,75458,0
2021-11-21 17:53:01,582,580,262,286,282860,274354,2219,2415,1423,81736,75748,0
2021-11-21 18:23:01,583,597,261,286,283916,275565,2230,2543,1461,82027,76047,0
2021-11-21 18:53:01,615,572,261,286,285257,276960,2460,2692,1436,82335,76333,0
2021-11-21 19:23:01,571,570,260,287,286653,278155,2751,2607,1377,82620,76618,0
2021-11-21 19:53:01,536,557,260,287,287833,279253,2580,2297,1309,82888,76896,0
2021-11-21 20:23:01,514,559,259,287,288743,280227,2103,2092,1273,83145,77176,0
2021-11-21 20:53:01,482,534,259,288,289564,281169,1832,1997,1228,83386,77443,0
2021-11-21 21:23:01,460,510,259,288,290280,282055,1529,1772,1164,83616,77698,0
2021-11-21 21:53:01,432,473,258,289,290897,282838,1356,1693,1098,83832,77934,0
2021-11-21 22:23:01,407,466,256,289,291360,283574,1079,1519,1035,84036,78167,0
2021-11-21 22:53:01,397,440,258,289,291930,284300,1021,1398,983,84234,78387,0
2021-11-21 23:23:01,385,409,259,289,292544,284953,1193,1388,948,84427,78592,0
2021-11-21 23:53:01,365,389,260,288,293134,285602,1244,1363,891,84609,78786,0
2021-11-22 00:23:01,381,377,260,288,293624,286137,1080,1157,876,84800,78975,0
2021-11-22 00:53:01,364,362,260,288,294247,286838,1114,1238,855,84982,79156,0
2021-11-22 01:23:01,351,330,261,287,294779,287459,1170,1338,802,85157,79321,0
2021-11-22 01:53:02,341,337,261,287,295214,287900,972,1072,793,85328,79490,0
2021-11-22 02:23:02,334,347,261,287,295671,288367,892,911,817,85495,79663,0
2021-11-22 02:54:01,357,345,261,287,296138,288846,919,928,840,85679,79841,0
2021-11-22 03:24:01,357,346,261,287,296622,289293,947,926,835,85858,80014,0
2021-11-22 03:54:01,361,340,261,287,297083,289746,946,899,851,86038,80184,0
2021-11-22 04:24:01,340,328,261,287,297561,290168,929,832,839,86208,80348,0
2021-11-22 04:54:01,341,321,260,288,298101,290560,1020,815,828,86379,80509,0
2021-11-22 05:24:01,370,336,261,287,298562,291009,1007,848,848,86564,80677,0
2021-11-22 05:54:01,401,361,261,287,299089,291428,988,871,925,86764,80857,0
2021-11-22 06:24:01,426,389,261,287,299649,291960,1095,956,994,86977,81052,0
2021-11-22 06:54:01,458,405,261,287,300311,292559,1225,1122,1070,87206,81254,0
2021-11-22 07:24:01,470,439,260,287,300920,293177,1246,1218,1108,87441,81474,0
2021-11-22 07:54:01,491,473,260,288,301609,293835,1340,1308,1167,87687,81710,0
2021-11-22 08:24:02,552,519,260,289,302415,294574,1510,1415,1281,87963,81970,0
2021-11-22 08:55:01,593,533,260,289,303319,295418,1801,1646,1343,88269,82245,0
2021-11-22 09:25:02,658,549,260,289,304171,296111,1795,1558,1445,88598,82520,0
2021-11-22 09:55:02,688,584,260,289,305171,297089,1876,1697,1539,88942,82812,0
2021-11-22 10:25:02,727,612,260,288,306108,298069,1926,1946,1597,89306,83118,0
2021-11-22 10:55:02,777,663,261,288,307088,299282,1863,2156,1713,89694,83449,0
2021-11-22 11:26:01,818,716,262,288,308123,300684,2044,2649,1800,90117,83819,0
2021-11-22 11:56:01,849,742,263,287,309332,302167,2241,2891,1868,90541,84190,0
2021-11-22 12:26:01,859,759,263,287,310797,303621,2700,2939,1911,90971,84569,0
2021-11-22 12:56:02,828,752,263,286,312141,305088,2784,2918,1889,91385,84946,0
2021-11-22 13:27:01,815,778,264,286,313512,306693,2935,3322,1859,91806,85347,0
2021-11-22 13:57:02,798,739,264,286,314885,308389,2747,3289,1817,92205,85717,0
2021-11-22 14:28:01,791,719,264,285,316279,310074,2643,3273,1784,92614,86088,0
2021-11-22 14:58:01,751,682,264,286,317593,311658,2792,3296,1720,92989,86429,0
2021-11-22 15:28:01,719,639,264,286,318800,312974,2523,2900,1665,93349,86749,0
2021-11-22 15:58:01,697,602,264,285,319843,314064,2208,2367,1554,93697,87050,0
2021-11-22 16:28:01,678,585,265,285,320637,315073,1794,2051,1505,94036,87342,0
2021-11-22 16:58:01,655,600,264,285,321498,315992,1641,1880,1516,94364,87642,0
2021-11-22 17:28:01,631,611,263,286,322377,316880,1721,1776,1515,94679,87948,0
2021-11-22 17:58:01,600,651,263,286,323337,317684,1839,1671,1464,94979,88273,0
2021-11-22 18:28:01,624,633,264,287,324338,318587,1971,1711,1508,95291,88590,0
2021-11-22 18:58:01,597,609,264,287,325293,319628,1957,1944,1461,95590,88894,0
2021-11-22 19:28:01,629,638,264,287,326332,320678,1903,2001,1488,95904,89213,0
2021-11-22 19:58:01,609,622,264,287,327407,321719,2049,1998,1438,96209,89524,0
2021-11-22 20:28:01,574,590,264,287,328519,322830,2184,2151,1381,96496,89819,0
2021-11-22 20:58:01,568,535,264,287,329621,323933,2100,2124,1322,96780,90087,0
2021-11-22 21:28:01,539,504,264,287,330631,324992,2108,2123,1240,97049,90339,0
2021-11-22 21:58:01,508,491,265,286,331443,325895,1731,1860,1191,97303,90584,0
2021-11-22 22:28:01,491,471,266,286,332170,326695,1527,1677,1112,97549,90820,0
2021-11-22 22:58:01,447,434,265,286,332778,327500,1358,1628,1040,97772,91037,0
2021-11-22 23:28:01,413,440,264,286,333304,328196,1117,1483,992,97979,91257,0
2021-11-22 23:58:01,409,426,264,287,333854,328937,1070,1436,984,98183,91470,0
2021-11-23 00:28:02,417,434,263,287,334507,329579,1230,1399,989,98392,91687,0
2021-11-23 00:59:01,414,435,264,289,335330,330113,1458,1132,991,98605,91912,0
2021-11-23 01:29:01,422,431,264,289,335942,330576,1414,1005,999,98816,92127,0
2021-11-23 01:59:01,405,420,265,289,336521,331020,1155,881,975,99019,92337,0
2021-11-23 02:29:01,404,402,265,289,336986,331621,1053,1054,971,99221,92538,0
2021-11-23 02:59:01,389,411,266,289,337444,332181,932,1132,951,99415,92744,0
2021-11-23 03:29:01,409,404,266,289,337828,332780,853,1166,956,99620,92946,0
2021-11-23 03:59:01,400,407,265,289,338460,333414,1000,1181,956,99820,93149,0
2021-11-23 04:29:01,405,403,266,289,338937,333931,1116,1160,963,100022,93351,0
2021-11-23 04:59:01,410,434,265,290,339318,334455,870,1047,981,100227,93568,0
2021-11-23 05:29:01,432,432,264,290,339771,334982,796,1009,1008,100443,93784,0
2021-11-23 05:59:01,482,462,265,290,340297,335498,973,1029,1082,100684,94015,0
2021-11-23 06:29:01,501,490,265,291,340835,336089,1060,1109,1163,100935,94260,0
2021-11-23 06:59:01,506,497,264,291,341446,336728,1123,1206,1180,101188,94508,0
2021-11-23 07:29:02,517,522,263,291,342045,337312,1139,1170,1207,101447,94769,0
2021-11-23 08:00:01,424,432,263,293,342715,337863,1256,1093,1191,101666,94992,0
2021-11-23 08:30:02,516,516,264,293,343264,338368,1187,1079,1311,101924,95251,0
2021-11-23 09:01:01,608,563,261,294,343997,339018,1287,1167,1460,102238,95541,0
2021-11-23 09:31:01,645,599,262,295,344849,339866,1570,1490,1519,102560,95841,0
2021-11-23 10:01:02,712,639,261,294,345744,340662,1732,1609,1617,102916,96160,0
2021-11-23 10:32:01,751,696,262,295,346768,341634,1920,1784,1727,103304,96520,0
2021-11-23 11:02:01,743,701,261,294,347769,342653,1922,1865,1781,103676,96870,0
2021-11-23 11:32:02,762,744,262,295,348827,343520,2001,1797,1848,104057,97243,0
2021-11-23 12:02:02,764,764,261,295,349819,344420,2054,1771,1884,104439,97625,0
2021-11-23 12:32:02,817,805,262,295,351050,345721,2074,2103,1953,104847,98027,0
2021-11-23 13:03:01,793,845,262,295,352694,347359,2674,2705,1953,105257,98463,0
2021-11-23 13:33:01,762,781,262,294,354006,349002,2646,3003,1865,105638,98854,0
2021-11-23 14:03:01,713,764,264,293,355377,350444,2682,3087,1779,105994,99236,0
2021-11-23 14:33:01,673,706,265,292,356436,351716,2352,2627,1685,106331,99589,0
2021-11-23 15:03:01,648,704,265,292,357410,352638,2034,2196,1619,106655,99941,0
2021-11-23 15:33:01,607,704,265,292,358281,353676,1753,1891,1573,106958,100293,0
2021-11-23 16:03:01,611,685,264,294,359243,354660,1792,1995,1599,107264,100635,0
2021-11-23 16:33:01,593,677,264,294,360362,355720,2080,2041,1527,107560,100974,0
2021-11-23 17:03:01,595,685,264,294,361310,356805,2080,2165,1528,107858,101316,0
2021-11-23 17:33:01,633,693,263,295,362492,357946,2046,2121,1579,108174,101663,0
2021-11-23 18:03:01,632,711,260,297,363609,359032,2308,2227,1596,108490,102018,0
2021-11-23 18:33:01,637,710,261,298,364633,360157,2135,2183,1602,108809,102373,0
2021-11-23 19:03:01,603,703,261,297,365630,361141,2019,2094,1529,109110,102725,0
2021-11-23 19:33:01,575,660,261,298,366668,362358,1990,2141,1464,109398,103055,0
2021-11-23 20:03:01,584,648,261,298,367590,363310,1852,2030,1427,109690,103379,0
2021-11-23 20:33:01,566,645,262,298,368614,364327,1992,2007,1406,109973,103701,0
2021-11-23 21:03:01,548,619,261,298,369514,365438,1895,2121,1346,110247,104011,0
2021-11-23 21:33:01,518,590,259,299,370492,366449,1833,2083,1296,110506,104306,0
2021-11-23 22:03:01,446,550,259,300,371360,367318,1784,1830,1167,110729,104581,0
2021-11-23 22:33:01,424,528,259,300,372071,368156,1533,1676,1113,110941,104845,0
2021-11-23 23:03:01,400,473,257,299,372870,368915,1497,1581,1028,111141,105081,0
2021-11-23 23:33:01,375,447,259,300,373495,369542,1403,1380,959,111328,105305,0
2021-11-24 00:03:01,363,418,257,300,374056,370069,1113,1072,926,111510,105514,0
2021-11-24 00:33:01,362,397,257,301,374608,370551,1113,1011,906,111691,105712,0
2021-11-24 01:03:01,357,394,258,301,375068,371000,1013,935,897,111869,105909,0
2021-11-24 01:33:01,376,389,257,301,375567,371493,965,950,899,112057,106104,0
2021-11-24 02:03:01,380,391,258,301,376043,371996,979,997,899,112247,106299,0
2021-11-24 02:33:01,377,386,260,299,376543,372644,950,1116,897,112436,106492,0
2021-11-24 03:03:02,387,364,262,297,377120,373265,1089,1278,893,112629,106675,0
2021-11-24 03:34:01,365,386,261,298,377833,373880,1215,1118,886,112818,106874,0
2021-11-24 04:04:01,367,378,261,298,378354,374374,1107,1010,884,113001,107063,0
2021-11-24 04:34:01,403,355,261,297,378810,374770,985,876,885,113203,107240,0
2021-11-24 05:04:01,418,403,261,297,379323,375189,969,816,942,113412,107442,0
2021-11-24 05:34:01,457,435,261,298,379860,375710,1051,943,1035,113640,107659,0
2021-11-24 06:04:01,476,444,262,297,380641,376396,1283,1199,1086,113878,107881,0
2021-11-24 06:34:01,528,487,262,297,381202,377017,1333,1311,1185,114142,108125,0
2021-11-24 07:04:01,514,505,261,298,381939,377573,1287,1142,1240,114399,108377,0
2021-11-24 07:34:01,522,551,260,298,382675,378312,1478,1302,1283,114660,108653,0
2021-11-24 08:04:01,560,587,261,298,383402,379098,1479,1537,1351,114940,108946,0
2021-11-24 08:34:01,614,617,261,298,384232,379898,1521,1556,1427,115247,109255,0
2021-11-24 09:04:02,667,640,262,297,385099,380730,1725,1625,1565,115581,109575,0
2021-11-24 09:35:02,688,686,262,297,386067,381737,1772,1766,1657,115937,109929,0
2021-11-24 10:05:02,729,723,260,297,386991,382515,1836,1744,1759,116301,110291,0
2021-11-24 10:36:01,770,758,261,297,388141,383513,2154,1807,1798,116699,110682,0
2021-11-24 11:06:01,800,842,261,297,389265,384402,2239,1868,1937,117099,111103,0
2021-11-24 11:36:01,838,849,261,296,390497,385498,2290,1994,1991,117518,111528,0
2021-11-24 12:06:01,872,865,261,296,391807,386665,2597,2265,2040,117954,111960,0
2021-11-24 12:36:01,871,878,262,297,393304,387752,2808,2256,2150,118389,112399,0
2021-11-24 13:06:01,839,873,262,297,394607,389095,2801,2430,2151,118809,112836,0
2021-11-24 13:36:02,800,893,260,298,396178,390554,2931,2889,2182,119209,113283,0
2021-11-24 14:06:02,783,846,259,299,397860,391990,3258,2825,2121,119600,113706,0
2021-11-24 14:37:01,719,824,258,299,399528,393298,3512,2883,2008,119972,114131,0
2021-11-24 15:07:01,682,803,256,301,400942,394581,3077,2550,1931,120313,114533,0
2021-11-24 15:37:01,646,806,255,302,402298,395715,2819,2450,1855,120636,114936,0
2021-11-24 16:07:01,664,767,252,304,403594,396845,2652,2264,1810,120968,115319,0
2021-11-24 16:37:01,679,733,250,303,404702,397963,2443,2252,1772,121307,115686,0
2021-11-24 17:07:01,641,745,252,303,405961,399149,2344,2298,1736,121628,116058,0
2021-11-24 17:37:01,630,723,251,304,407193,400207,2616,2318,1698,121943,116420,0
2021-11-24 18:07:01,627,696,248,305,408487,401295,2560,2231,1655,122256,116768,0
2021-11-24 18:37:01,650,687,247,308,409690,402375,2300,2027,1635,122581,117111,0
2021-11-24 19:07:01,641,673,247,306,410836,403460,2366,2181,1617,122902,117448,0
2021-11-24 19:37:01,637,652,247,308,411857,404357,2159,1982,1612,123220,117774,0
2021-11-24 20:07:01,617,636,246,308,412795,405268,1901,1789,1535,123529,118092,0
2021-11-24 20:37:01,614,608,246,307,413919,406166,2054,1789,1514,123836,118396,0
2021-11-24 21:07:01,588,597,245,307,414951,407037,2155,1769,1452,124130,118694,0
2021-11-24 21:37:01,549,557,247,307,415919,408001,2001,1845,1382,124404,118973,0
2021-11-24 22:07:01,503,528,245,307,416771,408933,1809,1893,1307,124656,119237,0
2021-11-24 22:37:01,476,513,245,308,417486,409634,1490,1597,1220,124894,119493,0
2021-11-24 23:07:01,436,489,247,306,418092,410200,1326,1269,1141,125112,119738,0
2021-11-24 23:37:02,411,485,245,308,418729,410664,1252,1037,1089,125317,119980,0
2021-11-25 00:08:02,408,437,244,308,419357,411202,1261,1011,1043,125528,120206,0
2021-11-25 00:39:01,416,428,245,308,420027,411743,1305,1088,1026,125743,120427,0
2021-11-25 01:09:01,416,392,242,311,420654,412349,1259,1094,997,125951,120623,0
2021-11-25 01:39:01,392,410,242,310,421132,412791,1082,1036,990,126147,120828,0
2021-11-25 02:09:01,394,407,241,310,421611,413342,971,1025,992,126344,121032,0
2021-11-25 02:39:01,401,405,241,310,422119,413955,1008,1178,995,126544,121234,0
2021-11-25 03:09:01,370,410,241,310,422599,414487,987,1147,1002,126729,121439,0
2021-11-25 03:39:01,364,404,239,309,423007,414936,886,974,968,126911,121641,0
2021-11-25 04:09:01,371,389,240,310,423390,415349,800,881,967,127097,121836,0
2021-11-25 04:39:02,380,402,240,310,423756,415738,750,805,999,127287,122037,0
2021-11-25 05:10:02,419,408,241,309,424115,416110,713,750,1051,127504,122247,0
2021-11-25 05:40:02,447,439,241,308,424584,416538,829,796,1137,127727,122467,0
2021-11-25 06:10:02,495,477,242,308,425140,417060,1036,984,1218,127975,122705,0
2021-11-25 06:41:01,513,519,241,309,425687,417570,1087,1017,1280,128239,122973,0
2021-11-25 07:11:01,506,539,241,308,426307,418187,1175,1133,1317,128492,123243,0
2021-11-25 07:41:02,532,564,240,310,426846,418806,1118,1206,1382,128759,123525,0
2021-11-25 08:12:01,560,536,187,283,427510,419563,1577,1450,1450,129048,123802,0
2021-11-25 08:42:01,632,586,188,282,428292,420528,80709,73799,1575,129364,124095,0
2021-11-25 09:12:01,693,615,187,283,429215,421582,1742,2082,1657,129710,124402,0
2021-11-25 09:42:02,711,632,187,282,430074,422646,1773,2112,1743,130066,124719,0
2021-11-25 10:12:02,750,689,189,280,431013,423749,1783,2132,1819,130441,125063,0
2021-11-25 10:43:02,752,716,188,280,431978,424775,1819,2050,1836,130830,125433,0
2021-11-25 11:14:01,753,748,189,281,432998,425740,1904,1901,1871,131218,125819,0
2021-11-25 11:44:02,771,764,188,281,434007,426893,1875,2055,1940,131604,126201,0
2021-11-25 12:14:02,815,772,187,282,435127,427970,2011,2175,1964,132012,126587,0
2021-11-25 12:45:01,806,832,199,283,436563,429540,2413,2530,2000,132428,127017,0
2021-11-25 13:15:01,812,822,199,283,437825,430912,2491,2802,2006,132834,127428,0
2021-11-25 13:45:02,764,803,241,283,439211,432379,2583,2764,1899,133216,127830,0
2021-11-25 14:15:02,713,777,239,283,440392,433556,2576,2687,1784,133573,128218,0
2021-11-25 14:46:01,658,773,239,285,441481,434842,2253,2479,1733,133912,128618,0
2021-11-25 15:16:01,619,711,238,285,442580,435949,2122,2303,1617,134222,128973,0
2021-11-25 15:46:01,625,678,238,285,443551,436913,2081,2084,1600,134534,129312,0
2021-11-25 16:16:01,640,698,237,285,444634,437913,2045,1952,1622,134854,129661,0
2021-11-25 16:46:01,620,689,238,304,445784,439028,2182,2046,1604,135164,130006,0
2021-11-25 17:16:01,620,666,238,304,447010,440140,2400,2233,1555,135474,130339,0
2021-11-25 17:46:01,649,683,238,303,448291,441342,2576,2371,1599,135799,130680,0
2021-11-25 18:16:01,653,662,237,305,449593,442472,2523,2235,1578,136125,131011,0
2021-11-25 18:46:01,640,654,237,305,450591,443564,2399,2320,1558,136445,131338,0
2021-11-25 19:16:01,659,650,237,305,451593,444699,1987,2207,1567,136775,131663,0
2021-11-25 19:46:01,661,669,238,312,452993,445943,2331,2298,1591,137105,131998,0
2021-11-25 20:16:01,642,648,237,313,454258,447125,2644,2423,1538,137426,132322,0
2021-11-25 20:46:01,617,649,237,313,455512,448204,2553,2281,1506,137735,132646,0
2021-11-25 21:16:01,609,623,237,313,456676,449328,2392,2184,1476,138039,132958,0
2021-11-25 21:46:02,587,605,236,314,457798,450462,2323,2298,1418,138333,133260,0
2021-11-25 22:17:01,566,583,236,314,459027,451757,2230,2283,1343,138625,133561,0
2021-11-25 22:47:01,558,524,236,313,460071,452894,2224,2334,1288,138904,133823,0
2021-11-25 23:17:01,548,496,236,313,461157,453807,2181,2105,1230,139178,134071,0
2021-11-25 23:47:01,495,437,238,312,462106,454715,1926,1712,1143,139426,134290,0
2021-11-26 00:17:01,490,416,239,311,462855,455389,1706,1601,1094,139671,134498,0
2021-11-26 00:47:01,479,410,240,311,463613,456219,1488,1418,1045,139910,134703,0
2021-11-26 01:17:01,465,393,241,309,464229,456844,1344,1391,1031,140143,134899,0
2021-11-26 01:47:01,443,391,240,311,464921,457427,1363,1252,978,140364,135095,0
2021-11-26 02:17:01,439,408,240,310,465551,457996,1385,1212,1001,140584,135299,0
2021-11-26 02:47:02,445,403,240,311,466199,458640,1300,1243,1006,140806,135500,0
2021-11-26 03:18:01,421,409,241,309,466833,459280,1286,1271,1004,141024,135712,0
2021-11-26 03:48:01,438,420,241,310,467404,459883,1235,1276,1019,141243,135922,0
2021-11-26 04:18:01,458,438,241,310,467960,460558,1127,1293,1080,141472,136141,0
2021-11-26 04:48:01,491,456,240,310,468554,461125,1129,1220,1112,141717,136369,0
2021-11-26 05:18:01,505,474,238,313,469219,461707,1244,1133,1173,141970,136606,0
2021-11-26 05:48:01,511,482,239,312,469858,462315,1326,1209,1179,142225,136847,0
2021-11-26 06:18:02,541,480,238,311,470617,462984,1444,1311,1236,142496,137087,0
2021-11-26 06:49:01,596,528,239,310,471441,463721,1527,1397,1330,142804,137359,0
2021-11-26 07:19:01,628,568,239,310,472265,464573,1711,1669,1447,143118,137643,0
2021-11-26 07:49:01,659,616,240,309,473244,465514,1801,1778,1518,143447,137951,0
2021-11-26 08:19:02,703,664,241,310,474256,466547,2049,2030,1618,143799,138284,0
2021-11-26 08:50:01,732,694,241,310,475429,467802,2179,2295,1723,144177,138642,0
2021-11-26 09:20:02,787,751,241,311,476704,468991,2449,2390,1843,144571,139018,0
2021-11-26 09:51:01,861,771,241,311,477916,470062,2428,2239,1976,145015,139416,0
2021-11-26 10:21:01,939,809,241,311,479177,471339,2489,2425,2108,145485,139820,0
2021-11-26 10:51:01,1027,843,241,311,480640,472631,2758,2540,2249,145998,140242,0
2021-11-26 11:21:01,1042,910,240,311,482299,474110,3127,2828,2322,146519,140697,0
2021-11-26 11:51:01,1105,940,241,310,484072,475606,3396,2930,2402,147072,141167,0
2021-11-26 12:21:01,1111,976,241,310,486090,477319,3692,3159,2454,147627,141655,0
2021-11-26 12:51:01,1095,979,241,310,488178,479515,4127,3939,2458,148175,142144,0
2021-11-26 13:21:01,1097,1019,240,310,490292,481528,4112,4171,2487,148723,142654,0
2021-11-26 13:51:01,989,997,240,310,492444,483530,4240,3975,2350,149218,143152,0
2021-11-26 14:21:01,939,941,241,310,494246,485276,3741,3663,2218,149687,143623,0
2021-11-26 14:51:01,920,885,241,310,495705,486968,3180,3395,2139,150147,144065,0
2021-11-26 15:21:01,921,885,241,310,497066,488361,2928,3185,2128,150608,144508,0
2021-11-26 15:51:02,881,856,242,310,498630,489753,2979,2893,2034,151048,144936,0
2021-11-26 16:21:02,797,813,240,312,500088,491042,3144,2763,1902,151447,145342,0
2021-11-26 16:52:02,704,793,240,311,501324,492357,2649,2556,1782,151811,145752,0
2021-11-26 17:23:01,709,824,241,311,502395,493362,2273,2266,1789,152177,146178,0
2021-11-26 17:53:02,713,806,240,311,503604,494574,2215,2143,1820,152533,146581,0
2021-11-26 18:23:02,697,788,240,311,505045,495744,2629,2335,1759,152882,146975,0
2021-11-26 18:54:02,664,774,239,312,506497,497167,2744,2474,1727,153225,147375,0
2021-11-26 19:25:02,686,737,239,312,508337,498655,3100,2743,1714,153579,147756,0
2021-11-26 19:56:01,688,735,239,312,509619,499992,2859,2632,1668,153935,148135,0
2021-11-26 20:26:01,668,734,239,312,511210,501385,2875,2753,1645,154269,148502,0
2021-11-26 20:56:01,651,730,239,312,512598,502830,3002,2823,1632,154594,148867,0
2021-11-26 21:26:01,614,702,239,312,513991,504134,2795,2774,1560,154901,149218,0
2021-11-26 21:56:01,567,681,238,312,515167,505455,2592,2661,1504,155185,149559,0
2021-11-26 22:26:01,550,648,237,314,516264,506606,2195,2354,1427,155460,149883,0
2021-11-26 22:56:01,535,596,237,316,517345,507679,2178,2234,1346,155727,150181,0
2021-11-26 23:26:01,492,562,237,316,518220,508611,1946,2014,1262,155973,150462,0
2021-11-26 23:56:01,470,534,238,315,518937,509493,1573,1806,1195,156208,150729,0
2021-11-27 00:26:01,447,496,238,315,519726,510301,1573,1761,1138,156432,150977,0
2021-11-27 00:56:01,432,488,239,314,520559,511136,1622,1643,1121,156648,151221,0
2021-11-27 01:26:01,441,494,237,314,521397,511929,1673,1636,1135,156868,151468,0
2021-11-27 01:56:01,466,514,236,316,522358,512871,1804,1735,1191,157101,151725,0
2021-11-27 02:26:01,485,525,236,316,523124,513651,1725,1724,1229,157344,151987,0
2021-11-27 02:56:01,502,520,236,316,523853,514403,1466,1516,1239,157595,152247,0
2021-11-27 03:26:01,534,498,236,315,524526,515095,1414,1417,1257,157862,152496,0
2021-11-27 03:56:01,584,536,237,314,525263,515849,1407,1472,1323,158154,152764,0
2021-11-27 04:26:01,597,547,238,314,525931,516539,1389,1410,1393,158452,153038,0
2021-11-27 04:56:01,634,571,237,314,526787,517441,1557,1626,1452,158769,153323,0
2021-11-27 05:26:01,682,587,238,315,527639,518330,1775,1859,1517,159110,153617,0
2021-11-27 05:56:01,698,596,238,314,528453,519320,1629,1850,1580,159459,153915,0
2021-11-27 06:26:01,706,641,239,314,529461,520326,1822,2006,1641,159812,154235,0
2021-11-27 06:56:01,732,704,238,314,530564,521427,2131,2132,1711,160178,154587,0
2021-11-27 07:26:01,760,702,239,314,531631,522435,2143,2051,1766,160558,154938,0
2021-11-27 07:56:01,384,412,239,314,532700,523505,2141,2086,1838,160750,155144,0
2021-11-27 08:26:01,812,718,239,314,533513,524360,1949,1981,1906,161156,155503,0
2021-11-27 08:56:01,886,746,240,312,534576,525529,1937,2065,2020,161599,155876,0
2021-11-27 09:26:01,958,810,240,311,535797,526809,2267,2319,2125,162078,156281,0
2021-11-27 09:56:01,996,864,241,312,537194,528254,2459,2604,2229,162576,156713,0
2021-11-27 10:26:01,1037,865,240,313,538666,529789,2803,2888,2281,163095,157146,0
2021-11-27 10:56:01,1038,888,240,313,540145,531735,2986,3543,2327,163614,157590,0
2021-11-27 11:26:01,1089,876,241,311,541515,533459,2796,3586,2384,164158,158028,0
2021-11-27 11:56:02,1108,906,244,308,542843,535131,2529,3143,2458,164713,158481,0
2021-11-27 12:27:01,1146,975,245,307,544617,537124,2975,3592,2506,165304,158984,0
2021-11-27 12:57:02,1136,982,248,303,546105,538914,3171,3713,2551,165873,159476,0
2021-11-27 13:28:01,1157,1012,249,303,547587,540805,2913,3565,2581,166470,159998,0
2021-11-27 13:58:01,1168,1019,249,304,549264,542688,3136,3648,2569,167054,160508,0
2021-11-27 14:28:01,1130,995,248,304,551151,544629,3572,3836,2496,167619,161005,0
2021-11-27 14:58:01,1048,979,249,303,552878,546603,3615,3929,2447,168143,161495,0
2021-11-27 15:28:01,1020,973,250,303,554703,548537,3537,3844,2366,168653,161981,0
2021-11-27 15:58:01,996,958,249,304,556550,550417,3711,3794,2271,169151,162460,0
2021-11-27 16:28:01,916,945,249,304,558428,551989,3851,3567,2177,169609,162933,0
2021-11-27 16:58:01,875,932,250,302,560260,553624,3732,3206,2060,170047,163399,0
2021-11-27 17:28:01,835,892,249,304,561828,555153,3362,3108,1986,170464,163845,0
2021-11-27 17:58:01,818,821,249,303,563210,556940,2913,3275,1895,170873,164255,0
2021-11-27 18:28:01,799,805,250,303,564616,558497,2753,3276,1877,171273,164658,0
2021-11-27 18:58:01,775,806,250,303,565963,559999,2754,3060,1848,171660,165061,0
2021-11-27 19:28:01,757,806,247,303,567311,561390,2704,2905,1841,172039,165464,0
2021-11-27 19:58:02,739,765,246,306,568629,562748,2670,2770,1792,172408,165846,0
2021-11-27 20:29:01,731,781,245,306,569948,563962,2586,2539,1785,172786,166250,0
2021-11-27 20:59:01,706,756,245,308,570999,564992,2303,2228,1736,173139,166628,0
2021-11-27 21:29:01,676,726,244,307,572083,565979,2138,1935,1661,173477,166991,0
2021-11-27 21:59:01,620,668,245,307,573137,566987,2104,1989,1559,173787,167325,0
2021-11-27 22:29:01,594,596,245,307,573982,567851,1900,1850,1459,174084,167623,0
2021-11-27 22:59:01,559,574,246,306,574748,568824,1624,1851,1353,174363,167910,0
2021-11-27 23:29:01,572,539,246,305,575580,569682,1632,1861,1320,174649,168179,0
2021-11-27 23:59:01,547,555,246,304,576412,570410,1660,1566,1321,174923,168457,0
2021-11-28 00:29:01,512,511,248,305,577175,571185,1581,1472,1244,175179,168712,0
2021-11-28 00:59:01,489,491,248,305,577978,571960,1602,1616,1212,175423,168958,0
2021-11-28 01:29:02,487,483,246,305,578753,572718,1570,1475,1184,175667,169199,0
2021-11-28 02:00:01,476,487,246,304,579505,573469,1522,1489,1185,175913,169451,0
2021-11-28 02:30:02,518,488,248,303,580113,574160,1357,1432,1227,176172,169695,0
2021-11-28 03:01:01,554,502,248,304,580730,574917,1181,1391,1295,176458,169954,0
2021-11-28 03:31:01,584,551,248,305,581471,575767,1391,1651,1354,176750,170230,0
2021-11-28 04:01:01,573,560,249,304,582347,576737,1643,1865,1381,177036,170510,0
2021-11-28 04:31:01,598,569,249,303,583205,577609,1718,1819,1434,177335,170794,0
2021-11-28 05:01:01,636,626,249,303,583989,578453,1629,1717,1518,177653,171107,0
2021-11-28 05:31:01,673,652,249,303,585021,579469,1848,1895,1580,177990,171433,0
2021-11-28 06:01:01,691,645,249,304,586068,580480,2089,2040,1629,178335,171756,0
2021-11-28 06:31:02,747,669,250,303,587094,581588,2119,2183,1734,178709,172090,0
2021-11-28 07:02:01,793,692,250,303,588221,582768,2148,2302,1786,179119,172448,0
2021-11-28 07:32:01,805,721,250,303,589494,584198,2453,2686,1841,179521,172808,0
2021-11-28 08:02:02,822,741,250,303,590719,585539,2487,2751,1892,179932,173179,0
2021-11-28 08:32:02,845,762,250,303,592213,587082,2754,2943,1951,180355,173560,0
2021-11-28 09:03:01,853,837,250,303,593609,588392,2896,2857,2068,180795,173992,0
2021-11-28 09:33:01,971,874,250,303,595096,589766,2885,2686,2196,181281,174429,0
2021-11-28 10:03:01,980,914,251,302,596721,591378,3131,3011,2255,181771,174886,0
2021-11-28 10:33:01,1026,965,252,302,598518,593175,3303,3379,2346,182284,175369,0
2021-11-28 11:03:01,1078,973,253,301,600201,594955,3357,3380,2460,182823,175855,0
2021-11-28 11:33:01,1114,976,252,302,602010,596721,3492,3536,2462,183380,176343,0
2021-11-28 12:03:01,1062,986,252,302,603856,598505,3678,3538,2483,183911,176836,0
2021-11-28 12:33:01,1074,1055,252,302,605433,600079,3571,3513,2537,184448,177364,0
2021-11-28 13:03:01,1069,1011,252,302,606900,601718,3020,3206,2503,184982,177869,0
2021-11-28 13:33:01,1046,1031,251,303,608594,603403,3092,3293,2446,185505,178385,0
2021-11-28 14:03:01,998,999,252,303,610313,605134,3406,3405,2391,186004,178884,0
2021-11-28 14:33:01,955,973,252,303,611853,606830,3162,3357,2264,186482,179371,0
2021-11-28 15:03:01,863,939,251,303,613736,608541,3426,3419,2125,186913,179840,0
2021-11-28 15:33:01,821,861,251,303,615047,609778,3189,2950,2020,187324,180271,0
2021-11-28 16:03:01,780,837,251,304,616338,610997,2520,2391,1947,187714,180689,0
2021-11-28 16:33:01,754,820,250,304,617437,612209,2415,2454,1901,188091,181099,0
2021-11-28 17:03:01,729,806,250,304,618529,613334,2190,2375,1838,188455,181502,0
2021-11-28 17:33:01,729,793,250,305,619691,614471,2161,2199,1819,188820,181899,0
2021-11-28 18:03:01,681,748,250,306,621034,615569,2464,2223,1745,189160,182273,0
2021-11-28 18:33:01,643,737,248,306,622302,616739,2599,2268,1648,189482,182641,0
2021-11-28 19:03:01,640,732,248,308,623496,617798,2395,2140,1657,189802,183007,0
2021-11-28 19:33:01,641,728,248,307,624628,618953,2349,2232,1613,190122,183371,0
2021-11-28 20:03:01,575,697,248,307,625812,620125,2428,2480,1521,190410,183720,0
2021-11-28 20:33:01,581,620,248,308,627027,621290,2496,2426,1455,190700,184030,0
2021-11-28 21:03:01,528,609,247,307,628145,622345,2284,2173,1372,190964,184334,0
2021-11-28 21:33:01,526,584,248,308,629158,623331,2131,2039,1325,191227,184626,0
2021-11-28 22:03:01,493,531,247,309,630025,624272,1895,1939,1214,191474,184892,0
2021-11-28 22:33:01,452,506,246,309,630927,625170,1785,1877,1134,191700,185145,0
2021-11-28 23:03:01,426,479,246,309,631719,625841,1632,1507,1090,191913,185384,0
2021-11-28 23:33:01,408,462,247,309,632380,626503,1430,1336,1049,192117,185615,0
2021-11-29 00:03:01,401,426,247,309,633013,627189,1298,1346,994,192317,185828,0
2021-11-29 00:33:01,397,429,248,307,633592,627759,1213,1266,981,192516,186043,0
2021-11-29 01:03:01,384,418,249,306,634168,628352,1136,1156,981,192708,186252,0
2021-11-29 01:33:01,403,418,249,306,634752,628926,1178,1182,995,192909,186461,0
2021-11-29 02:03:01,375,420,248,307,635443,629514,1257,1148,966,193097,186671,0
2021-11-29 02:33:01,367,406,248,308,636071,630033,1251,1071,955,193280,186874,0
2021-11-29 03:03:01,381,406,248,308,636604,630530,1115,977,988,193471,187077,0
2021-11-29 03:33:01,396,414,248,308,637156,631115,1088,1085,973,193669,187284,0
2021-11-29 04:03:01,392,423,247,309,637663,631700,1053,1179,968,193865,187495,0
2021-11-29 04:33:01,388,435,247,309,638280,632380,1107,1256,992,194059,187713,0
2021-11-29 05:03:01,413,448,247,309,639007,633076,1357,1371,1033,194265,187937,0
2021-11-29 05:33:01,441,446,247,309,639601,633763,1253,1340,1086,194486,188160,0
2021-11-29 06:03:01,509,476,247,309,640194,634434,1154,1306,1170,194740,188398,0
2021-11-29 06:33:01,548,531,247,309,640931,635038,1313,1237,1251,195014,188663,0
2021-11-29 07:03:01,556,541,248,309,641717,635687,1546,1281,1296,195292,188934,0
2021-11-29 07:33:01,610,571,248,309,642549,636380,1585,1300,1403,195597,189219,0
2021-11-29 08:03:01,517,503,248,309,643356,637206,1575,1487,1429,195856,189471,0
2021-11-29 08:33:01,610,591,248,309,644162,637985,1609,1624,1523,196161,189766,0
2021-11-29 09:03:01,647,601,247,309,644996,638783,1655,1600,1559,196484,190067,0
2021-11-29 09:33:01,679,613,245,310,645896,639637,1735,1649,1560,196824,190373,0
2021-11-29 10:03:01,754,704,244,313,646802,640700,1789,1931,1783,197201,190725,0
2021-11-29 10:33:01,773,730,245,313,647923,641832,2051,2218,1839,197587,191090,0
2021-11-29 11:03:02,719,729,245,312,649205,642964,2440,2251,1923,197947,191455,0
2021-11-29 11:34:01,829,806,244,313,650436,644166,2454,2285,1923,198375,191871,0
2021-11-29 12:04:01,860,843,244,313,651722,645586,2466,2593,2018,198805,192293,0
2021-11-29 12:34:01,883,866,245,312,653092,647170,2677,3015,2093,199247,192726,0
2021-11-29 13:04:01,851,874,245,312,654606,648758,2888,3177,2065,199672,193163,0
2021-11-29 13:34:01,866,871,245,313,656142,650345,2989,3062,2040,200105,193598,0
2021-11-29 14:04:01,815,837,245,313,657832,651958,3226,3198,1975,200513,194017,0
2021-11-29 14:34:01,812,801,245,312,659154,653312,2996,2965,1927,200919,194417,0
2021-11-29 15:04:01,753,767,246,312,660502,654521,2623,2561,1821,201295,194801,0
2021-11-29 15:34:01,738,752,245,313,661709,655637,2508,2272,1791,201664,195177,0
2021-11-29 16:04:01,664,724,245,313,662935,656780,2390,2182,1682,201996,195539,0
2021-11-29 16:34:01,655,719,244,313,664022,657872,2299,2153,1724,202324,195898,0
2021-11-29 17:04:01,708,719,244,313,665307,659116,2346,2301,1730,202678,196258,0
2021-11-29 17:34:01,722,729,245,313,666593,660440,2556,2558,1747,203039,196622,0
2021-11-29 18:04:01,661,728,246,312,668097,661906,2803,2788,1680,203369,196986,0
2021-11-29 18:34:01,609,720,246,312,669400,663122,2942,2828,1601,203674,197346,0
2021-11-29 19:04:01,627,713,244,313,670512,664288,2426,2396,1603,203987,197703,0
2021-11-29 19:34:01,594,721,241,317,671664,665319,2184,2163,1568,204284,198063,0
2021-11-29 20:04:01,603,697,239,317,672715,666292,2227,2018,1504,204586,198412,0
2021-11-29 20:34:01,604,669,239,318,673743,667242,2091,1942,1483,204888,198746,0
2021-11-29 21:04:01,564,630,239,318,674829,668197,2119,1906,1410,205170,199061,0
2021-11-29 21:34:01,524,589,239,319,675750,669062,2026,1857,1313,205432,199356,0
2021-11-29 22:04:01,499,560,239,319,676696,669952,1916,1787,1257,205681,199636,0
2021-11-29 22:34:01,481,537,239,319,677567,670773,1822,1725,1222,205922,199904,0
2021-11-29 23:04:01,436,503,239,319,678393,671513,1716,1582,1119,206140,200156,0
2021-11-29 23:34:01,435,462,238,319,679066,672273,1502,1495,1054,206357,200387,0
2021-11-30 00:04:01,421,430,238,320,679822,673128,1462,1643,1027,206568,200602,0
2021-11-30 00:34:01,396,417,237,321,680479,673797,1420,1548,973,206766,200810,0
2021-11-30 01:04:01,392,391,238,320,680968,674339,1133,1204,947,206962,201006,0
2021-11-30 01:34:02,389,403,239,319,681425,674778,930,955,947,207156,201207,0
2021-11-30 02:05:02,402,408,238,320,681838,675283,874,949,957,207364,201418,0
2021-11-30 02:36:01,407,395,238,318,682232,675750,817,979,960,207574,201622,0
2021-11-30 03:06:02,417,392,239,318,682616,676268,720,928,967,207783,201818,0
2021-11-30 03:37:01,414,413,239,316,683058,676850,831,1115,1013,207997,202031,0
2021-11-30 04:07:01,433,436,240,318,683572,677402,978,1113,1036,208213,202249,0
2021-11-30 04:37:01,453,471,240,318,684068,677907,1000,1039,1083,208440,202485,0
2021-11-30 05:07:01,472,489,241,317,684673,678513,1109,1127,1143,208676,202729,0
2021-11-30 05:37:01,481,503,241,317,685281,679260,1206,1360,1158,208916,202981,0
2021-11-30 06:07:01,476,505,241,316,685934,679937,1178,1312,1182,209154,203233,0
2021-11-30 06:37:01,513,539,242,316,686580,680693,1248,1392,1267,209411,203503,0
2021-11-30 07:07:01,544,588,241,317,687356,681454,1450,1541,1340,209683,203797,0
2021-11-30 07:37:01,571,607,240,318,688069,682251,1445,1515,1403,209968,204100,0
2021-11-30 08:07:01,614,635,240,317,688981,683124,1584,1569,1501,210275,204418,0
2021-11-30 08:37:01,669,666,240,318,689868,684012,1850,1813,1577,210610,204751,0
2021-11-30 09:07:02,734,730,240,318,690938,685217,1945,2128,1704,210977,205116,0
2021-11-30 09:38:01,771,764,241,316,692406,686891,2434,2766,1831,211375,205511,0
2021-11-30 10:08:01,826,773,240,317,693794,688660,2654,3240,1912,211788,205897,0
2021-11-30 10:38:02,874,791,240,318,694985,690051,2670,3229,2009,212225,206293,0
2021-11-30 11:09:01,907,831,240,318,696459,691629,2488,2807,2054,212694,206722,0
2021-11-30 11:39:01,929,851,241,317,697985,693176,2904,3032,2110,213158,207147,0
2021-11-30 12:09:01,948,888,243,315,699520,694604,3036,2967,2161,213632,207591,0
2021-11-30 12:39:01,962,910,243,313,701185,696304,3119,3067,2176,214113,208046,0
2021-11-30 13:09:01,893,885,245,313,703082,698138,3555,3484,2086,214560,208489,0
2021-11-30 13:39:01,864,853,244,313,704672,699871,3499,3582,2003,214992,208915,0
2021-11-30 14:09:01,842,787,245,313,706097,701478,3019,3340,1941,215413,209309,0
2021-11-30 14:39:02,847,780,246,312,707668,702814,2990,2880,1884,215836,209699,0
2021-11-30 15:10:01,779,756,247,312,709203,704258,3032,2733,1798,216239,210090,0
2021-11-30 15:40:01,742,783,244,313,710599,705364,2808,2468,1768,216610,210481,0
2021-11-30 16:10:01,685,768,244,314,711907,706602,2626,2250,1718,216952,210865,0
2021-11-30 16:40:01,697,763,245,314,713077,707990,2451,2577,1705,217301,211247,0
2021-11-30 17:10:02,719,787,245,314,714540,709324,2689,2764,1739,217660,211640,0
2021-11-30 17:40:02,750,792,243,313,716144,710643,3078,2623,1806,218035,212036,0
2021-11-30 18:11:01,766,763,244,313,717715,712047,3034,2626,1788,218431,212430,0
2021-11-30 18:41:01,763,739,242,312,719302,713611,3100,2910,1716,218812,212800,0
2021-11-30 19:11:01,707,666,244,311,720766,715131,3029,2966,1681,219166,213133,0
2021-11-30 19:41:02,690,659,244,313,722320,716442,3114,2869,1598,219511,213462,0
2021-11-30 20:12:01,637,621,243,314,723692,717862,2879,2616,1473,219840,213783,0
2021-11-30 20:42:02,610,613,242,314,724976,719036,2746,2665,1412,220145,214090,0
2021-11-30 21:12:02,570,540,243,315,725908,720100,2158,2156,1301,220430,214360,0
2021-11-30 21:43:01,512,527,239,315,726749,720934,1784,1916,1237,220694,214632,0
2021-11-30 22:13:01,505,495,241,316,727524,721820,1589,1716,1164,220947,214879,0
2021-11-30 22:43:01,446,464,241,315,728290,722544,1562,1634,1087,221170,215111,0
2021-11-30 23:13:01,440,429,240,315,728917,723187,1401,1382,1034,221390,215326,0
2021-11-30 23:43:01,425,454,242,314,729482,723867,1216,1334,1036,221602,215553,0
2021-12-01 00:13:01,427,446,243,314,730181,724566,1284,1398,1029,221816,215776,0
2021-12-01 00:43:01,416,434,242,314,730797,725191,1306,1309,1005,222024,215993,0
2021-12-01 01:13:01,435,438,242,315,731374,725814,1180,1238,1006,222241,216212,0
2021-12-01 01:43:01,443,406,241,315,731890,726450,1086,1254,984,222463,216415,0
2021-12-01 02:13:01,431,437,241,315,732570,727048,1197,1242,1009,222678,216633,0
2021-12-01 02:43:01,430,446,242,315,733311,727721,1448,1288,1043,222893,216856,0
2021-12-01 03:13:01,437,443,242,315,734112,728399,1550,1356,1028,223112,217078,0
2021-12-01 03:43:01,422,409,241,315,734725,728994,1410,1275,1005,223323,217282,0
2021-12-01 04:13:01,441,455,240,316,735375,729509,1267,1105,1053,223543,217510,0
2021-12-01 04:43:01,450,471,240,316,736057,730172,1328,1200,1077,223768,217745,0
2021-12-01 05:13:01,479,455,240,317,736717,730798,1347,1292,1106,224008,217973,0
2021-12-01 05:43:01,504,506,239,317,737315,731382,1261,1212,1169,224260,218226,0
2021-12-01 06:13:01,531,539,239,318,738112,732015,1397,1216,1242,224525,218495,0
2021-12-01 06:43:01,573,560,239,318,738841,732797,1542,1434,1314,224812,218775,0
2021-12-01 07:13:01,588,601,239,318,739717,733776,1599,1774,1395,225106,219076,0
2021-12-01 07:43:01,579,567,239,317,740582,734724,1744,1943,1436,225395,219359,0
2021-12-01 08:13:01,588,584,240,316,741475,735579,1688,1746,1468,225689,219651,0
2021-12-01 08:43:01,651,632,240,316,742352,736501,1727,1748,1562,226015,219967,0
2021-12-01 09:13:01,712,661,241,316,743414,737495,1939,1916,1668,226371,220298,0
2021-12-01 09:43:01,756,691,241,315,744487,738663,2157,2187,1754,226749,220643,0
2021-12-01 10:13:01,777,729,241,316,745724,739864,2312,2370,1805,227137,221008,0
2021-12-01 10:43:01,848,757,242,315,747290,741360,2916,2759,1905,227561,221386,0
2021-12-01 11:13:01,865,784,239,315,748858,742711,3172,2909,1975,227994,221778,0
2021-12-01 11:43:02,868,834,241,315,750708,743997,3448,2638,2064,228428,222196,0
2021-12-01 12:13:02,853,834,240,316,752300,745389,3448,2696,2043,228855,222613,0
2021-12-01 12:44:01,835,847,240,316,753839,746884,3009,2751,2063,229286,223050,0
2021-12-01 13:14:01,868,830,241,313,755212,748259,2858,2809,2038,229720,223465,0
2021-12-01 13:44:01,832,827,242,314,756707,749618,2874,2696,1995,230136,223879,0
2021-12-01 14:14:01,843,819,240,314,757997,751146,2797,2894,1966,230557,224288,0
2021-12-01 14:44:01,844,805,239,315,759621,752691,2877,3041,1933,230979,224691,0
2021-12-01 15:14:01,716,745,240,316,761051,754001,3145,2940,1553,231337,225063,0
2021-12-01 15:44:01,728,782,239,316,762391,755219,2875,2617,1760,231701,225454,0
2021-12-01 16:14:01,735,747,239,317,763741,756661,2693,2664,1729,232069,225828,0
2021-12-01 16:44:01,685,759,238,317,764872,757928,2370,2612,1724,232411,226207,0
2021-12-01 17:14:01,695,753,239,316,766179,759169,2461,2544,1731,232759,226584,0
2021-12-01 17:44:01,736,750,239,315,767529,760589,2667,2658,1766,233127,226959,0
2021-12-01 18:14:01,736,731,234,317,768955,761827,2813,2679,1722,233495,227324,0
2021-12-01 18:44:02,738,720,235,317,770163,763089,2670,2574,1720,233864,227684,0
2021-12-01 19:15:01,701,708,235,319,771245,764127,2355,2350,1659,234226,228050,0
2021-12-01 19:45:02,671,714,235,320,772344,765550,2190,2482,1642,234562,228407,0
2021-12-01 20:16:01,636,679,235,320,773680,766992,2439,2866,1576,234890,228758,0
2021-12-01 20:46:01,587,639,235,319,774854,768192,2481,2594,1467,235184,229077,0
2021-12-01 21:16:01,553,620,232,319,775759,769043,2056,1971,1406,235460,229387,0
2021-12-01 21:46:01,528,601,236,319,776579,769901,1699,1675,0,235724,229688,0
2021-12-01 22:16:01,491,560,230,320,777359,770638,1655,1603,1246,235970,229968,0
2021-12-01 22:46:02,458,529,229,322,778134,771480,1569,1600,1190,236199,230232,0
2021-12-01 23:17:01,457,506,229,320,778899,772294,1487,1620,1153,236435,230494,0
2021-12-01 23:47:01,427,504,228,321,779805,773125,1606,1554,1104,236648,230746,0
2021-12-02 00:17:01,428,503,228,322,780552,773695,1640,1373,1102,236862,230997,0
2021-12-02 00:47:01,424,479,227,322,781170,774304,1429,1221,1080,237074,231237,0
2021-12-02 01:17:01,430,461,226,322,781766,774880,1229,1127,1060,237289,231467,0
2021-12-02 01:47:01,407,454,228,321,782325,775460,1149,1110,1017,237493,231694,0
2021-12-02 02:17:01,411,459,227,323,782858,776009,1148,1177,1020,237698,231924,0
2021-12-02 02:47:01,424,481,228,320,783391,776502,1067,1037,1047,237910,232164,0
2021-12-02 03:17:01,422,469,228,320,783941,777080,1109,1112,1047,238121,232399,0
2021-12-02 03:47:01,420,494,227,320,784585,777726,1212,1273,1091,238331,232646,0
2021-12-02 04:17:01,437,493,228,322,785200,778352,1208,1215,1079,238550,232892,0
2021-12-02 04:47:01,428,471,228,321,785947,779201,1357,1465,1072,238764,233128,0
2021-12-02 05:17:01,470,471,228,320,786592,779810,1376,1460,1114,238999,233363,0
2021-12-02 05:47:01,497,466,229,322,787164,780485,1225,1294,1144,239247,233596,0
2021-12-02 06:17:01,557,504,229,321,787792,781249,1150,1379,1260,239526,233848,0
2021-12-02 06:47:01,588,534,230,320,788589,782042,1486,1623,1326,239820,234115,0
2021-12-02 07:17:01,590,547,231,321,789633,782914,1852,1676,1346,240115,234389,0
2021-12-02 07:47:01,625,566,230,322,790433,783866,1774,1768,1400,240427,234672,0
2021-12-02 08:17:01,659,616,230,322,791240,784676,1635,1781,1477,240757,234980,0
2021-12-02 08:47:01,668,644,231,318,792227,785722,1806,1875,1546,241091,235302,0
2021-12-02 09:17:01,709,652,231,319,793144,786733,1931,2084,1636,241445,235628,0
2021-12-02 09:47:01,760,699,231,319,794152,787713,1906,1935,1723,241825,235977,0
2021-12-02 10:17:02,790,736,232,320,795267,788798,2164,2095,1775,242221,236345,0
2021-12-02 10:48:01,769,745,231,321,796530,790156,2402,2465,1785,242618,236730,0
2021-12-02 11:18:01,776,763,230,320,797758,791360,2472,2501,1861,243006,237112,0
2021-12-02 11:48:02,769,813,230,320,798996,792621,2536,2531,1881,243390,237518,0
2021-12-02 12:19:01,810,870,230,322,800355,793854,2489,2462,1981,243809,237968,0
2021-12-02 12:49:01,838,870,228,322,801677,795124,2594,2436,1997,244228,238403,0
2021-12-02 13:19:01,817,865,229,323,803194,796515,2828,2655,1967,244636,238835,0
2021-12-02 13:49:01,796,854,229,320,804673,797967,3026,2885,1939,245034,239262,0
2021-12-02 14:19:01,768,826,229,321,806280,799498,3005,2879,1866,245418,239675,0
2021-12-02 14:49:01,722,804,232,320,807746,800667,2958,2569,1762,245779,240077,0
2021-12-02 15:19:01,645,726,231,319,808985,801806,2724,2330,1576,246102,240440,0
2021-12-02 15:49:01,638,728,231,320,810127,802755,2375,2030,1636,246421,240804,0
2021-12-02 16:19:02,687,717,231,319,811135,803836,2185,2019,1635,246764,241163,0
2021-12-02 16:50:02,686,740,232,319,812286,805054,2095,2192,1639,247119,241545,0
2021-12-02 17:21:02,646,743,231,320,813488,806313,2311,2364,1633,247452,241929,0
2021-12-02 17:52:01,646,724,232,319,814523,807456,2021,2291,1634,247786,242303,0
2021-12-02 18:22:01,659,723,232,320,815598,808502,2122,2162,1622,248116,242664,0
2021-12-02 18:52:01,658,724,232,320,816751,809657,2188,2184,1622,248445,243026,0
2021-12-02 19:22:01,659,715,232,320,817964,810722,2300,2101,1595,248774,243384,0
2021-12-02 19:52:01,651,675,231,321,819245,811868,2431,2175,1540,249100,243721,0
2021-12-02 20:22:01,592,652,230,321,820507,812925,2414,2098,1435,249396,244047,0
2021-12-02 20:52:01,539,631,230,322,821601,814019,2414,2199,1369,249665,244363,0
2021-12-02 21:22:01,491,579,229,322,822570,814933,2091,2040,1275,249911,244652,0
2021-12-02 21:52:01,451,544,230,320,823470,815984,1875,1976,1183,250136,244924,0
2021-12-02 22:22:01,432,488,230,320,824081,816629,1421,1609,1097,250352,245168,0
2021-12-02 22:52:02,434,458,228,324,824752,817235,1248,1245,1072,250569,245397,0
2021-12-02 23:23:01,410,434,226,326,825405,817850,1256,1182,1011,250781,245622,0
2021-12-02 23:53:01,402,416,225,325,825928,818463,1206,1253,969,250982,245830,0
2021-12-03 00:23:01,405,382,227,323,826444,819000,1049,1139,944,251184,246021,0
2021-12-03 00:53:02,384,374,228,324,826917,819504,994,1060,899,251377,246208,0
2021-12-03 01:24:01,357,371,228,324,827376,820014,916,1007,903,251561,246399,0
2021-12-03 01:54:01,385,388,228,324,827871,820481,946,962,940,251753,246593,0
2021-12-03 02:24:01,359,414,228,324,828363,820999,1017,1006,947,251933,246800,0
2021-12-03 02:54:01,358,427,227,324,828828,821444,955,955,938,252112,247014,0
2021-12-03 03:24:01,355,432,225,323,829350,821931,993,930,949,252289,247230,0
2021-12-03 03:54:01,380,464,226,325,829970,822602,1158,1176,1007,252479,247462,0
2021-12-03 04:24:01,396,470,227,325,830641,823311,1273,1370,1039,252677,247697,0
2021-12-03 04:54:01,423,488,228,323,831205,823949,1241,1350,1056,252889,247941,0
2021-12-03 05:24:01,463,517,228,324,831879,824761,1244,1456,1137,253120,248199,0
2021-12-03 05:54:01,517,532,229,324,832520,825490,1324,1555,1225,253379,248465,0
2021-12-03 06:24:01,548,550,229,324,833251,826189,1375,1431,1270,253653,248740,0
2021-12-03 06:54:01,574,539,230,323,833875,826979,1354,1488,1291,253940,249010,0
2021-12-03 07:24:01,592,585,228,321,834801,827746,1568,1566,1352,254236,249302,0
2021-12-03 07:54:02,626,623,227,323,835809,828652,1962,1693,1452,254549,249614,0
2021-12-03 08:25:02,588,582,227,324,836692,829504,1933,1839,1433,254853,249915,0
2021-12-03 08:55:02,687,662,228,324,837646,830485,1728,1760,1585,255196,250246,0
2021-12-03 09:25:02,723,701,228,325,838718,831417,2056,1876,1692,255558,250596,0
2021-12-03 09:55:02,755,728,228,324,839720,832611,2056,2162,1763,255935,250960,0
2021-12-03 10:26:01,806,746,227,324,840814,833738,2109,2247,1814,256352,251345,0
2021-12-03 10:56:01,869,751,227,322,842151,835170,2431,2594,1925,256786,251721,0
2021-12-03 11:26:01,837,819,228,322,843502,836318,2636,2550,1982,257205,252130,0
2021-12-03 11:56:01,816,873,228,323,845032,837702,2890,2536,2030,257613,252567,0
2021-12-03 12:26:01,827,891,228,324,846502,839157,3081,2924,2055,258026,253012,0
2021-12-03 12:56:01,861,922,226,325,847993,840568,2934,2843,2083,258457,253473,0
2021-12-03 13:26:01,841,961,226,324,849582,842086,3071,2932,2149,258877,253954,0
2021-12-03 13:56:01,868,931,227,324,851012,843684,3039,3240,2143,259311,254419,0
2021-12-03 14:26:01,854,911,226,325,852484,845255,2870,3083,2078,259738,254875,0
2021-12-03 14:56:01,807,894,228,324,853917,846952,2853,3243,2013,260142,255322,0
2021-12-03 15:26:01,785,856,228,324,855304,848388,2902,3252,1931,260534,255750,0
2021-12-03 15:56:01,773,873,230,323,856608,849737,2582,2711,1915,260921,256186,0
2021-12-03 16:26:02,777,877,228,324,857931,851078,2628,2698,1919,261309,256625,0
2021-12-03 16:57:01,741,847,228,324,859584,852644,2927,2850,1855,261692,257062,0
2021-12-03 17:27:01,739,819,226,325,860926,853940,2911,2784,1809,262061,257472,0
2021-12-03 17:57:01,692,819,226,324,862246,855213,2627,2549,1768,262407,257881,0
2021-12-03 18:27:01,655,764,226,324,863579,856408,2666,2469,1682,262735,258263,0
2021-12-03 18:57:02,667,746,226,324,864836,857464,2602,2265,1678,263069,258637,0
2021-12-03 19:28:01,643,763,226,325,866205,858607,2651,2201,1667,263401,259031,0
2021-12-03 19:58:01,622,779,226,325,867375,859850,2581,2453,1654,263712,259420,0
2021-12-03 20:28:01,607,728,224,327,868721,861002,2524,2347,1553,264015,259784,0
2021-12-03 20:58:02,594,710,222,329,869904,862035,2504,2167,1501,264312,260139,0
2021-12-03 21:29:01,593,703,221,330,871109,863184,2328,2119,1470,264619,260502,0
2021-12-03 21:59:01,574,698,220,331,872216,864219,2284,2137,1482,264906,260851,0
2021-12-03 22:29:02,551,646,221,331,873264,865312,2138,2147,1415,265181,261175,0
2021-12-03 23:00:02,526,610,222,331,874385,866415,2165,2190,1342,265453,261490,0
2021-12-03 23:30:02,478,579,218,330,875468,867503,2167,2168,1276,265692,261779,0
2021-12-04 00:00:02,461,553,218,331,876534,868561,2134,2136,1239,265922,262056,0
2021-12-04 00:30:02,457,513,218,332,877425,869485,1882,1857,1164,266151,262312,0
2021-12-04 01:00:02,444,514,216,334,878237,870322,1702,1762,1134,266373,262569,0
2021-12-04 01:31:01,426,509,215,333,879099,871082,1711,1593,1138,266593,262832,0
2021-12-04 02:01:01,462,509,213,334,879923,871854,1639,1483,1156,266824,263087,0
2021-12-04 02:31:02,462,530,213,335,880992,872626,1894,1540,1186,267055,263352,0
2021-12-04 03:02:01,488,526,213,334,882013,873513,2074,1648,1226,267307,263623,0
2021-12-04 03:32:01,491,556,212,333,883033,874453,2042,1846,1246,267553,263901,0
2021-12-04 04:02:01,504,571,211,334,883813,875267,1692,1656,1285,267805,264187,0
2021-12-04 04:32:01,539,607,213,333,884728,876149,1712,1719,1358,268074,264490,0
2021-12-04 05:02:01,575,626,215,334,885704,877036,1942,1813,1419,268362,264803,0
2021-12-04 05:32:01,553,643,212,335,886659,877955,1947,1845,1413,268638,265125,0
2021-12-04 06:02:01,591,638,211,336,887543,878876,1824,1831,1459,268934,265444,0
2021-12-04 06:32:01,603,681,211,338,888425,879809,1763,1872,1526,269235,265784,0
2021-12-04 07:02:01,632,728,210,338,889367,880724,1862,1899,1598,269551,266148,0
2021-12-04 07:32:02,648,750,210,337,890285,881684,1949,1956,1654,269875,266524,0
2021-12-04 08:03:01,734,777,210,336,891379,882764,1997,2057,1765,270254,266925,0
2021-12-04 08:33:01,771,792,209,337,892550,883953,2193,2189,1876,270640,267321,0
2021-12-04 09:03:01,819,835,209,335,893872,885166,2525,2428,1926,271049,267738,0
2021-12-04 09:33:01,897,862,211,333,895181,886457,2588,2407,2035,271498,268169,0
2021-12-04 10:03:01,932,897,208,333,896588,887623,2791,2537,2147,271964,268618,0
2021-12-04 10:33:02,965,925,208,335,898029,888892,2946,2510,2180,272447,269081,0
2021-12-04 11:04:01,950,936,208,338,899586,890352,3002,2776,2216,272937,269564,0
2021-12-04 11:34:01,955,955,209,335,900933,891642,2857,2727,2210,273415,270041,0
2021-12-04 12:04:01,949,959,210,336,902332,893185,2803,2877,2199,273889,270521,0
2021-12-04 12:34:01,973,962,211,333,903694,894707,2724,3016,2228,274376,271002,0
2021-12-04 13:04:01,980,970,213,332,905303,896248,3002,3091,2265,274866,271487,0
2021-12-04 13:34:01,969,963,214,330,906856,897617,3199,2936,2238,275350,271968,0
2021-12-04 14:04:01,926,965,210,329,908254,898889,2848,2545,2217,275813,272451,0
2021-12-04 14:34:01,912,930,212,329,909662,900364,2825,2785,2133,276269,272916,0
2021-12-04 15:04:02,853,897,212,331,911320,901985,3106,3141,2021,276696,273365,0
2021-12-04 15:35:02,824,887,212,330,912975,903674,3329,3362,1993,277122,273823,0
2021-12-04 16:05:02,783,863,214,328,914448,905227,3204,3229,1904,277513,274254,0
2021-12-04 16:36:01,720,825,213,328,915968,906440,3002,2721,1807,277885,274680,0
2021-12-04 17:06:01,661,801,213,328,917351,907768,2947,2579,1732,278215,275081,0
2021-12-04 17:36:01,628,803,206,334,918572,909043,2621,2607,1692,278529,275482,0
2021-12-04 18:06:01,627,797,205,339,919735,910005,2342,2143,1679,278843,275881,0
2021-12-04 18:36:01,611,799,203,342,920985,911051,2302,1989,1648,279148,276280,0
2021-12-04 19:06:01,606,795,201,341,922067,912046,2326,2077,1641,279451,276678,0
2021-12-04 19:36:01,637,799,202,340,923228,913405,2250,2373,1628,279770,277077,0
2021-12-04 20:06:01,616,805,203,341,924466,914558,2334,2494,1636,280078,277480,0
2021-12-04 20:36:01,611,776,205,338,925936,915888,2636,2428,1592,280383,277868,0
2021-12-04 21:06:01,579,721,204,338,927171,917101,2858,2684,1517,280673,278228,0
2021-12-04 21:36:01,551,699,205,338,928308,918412,2364,2533,1467,280948,278578,0
2021-12-04 22:06:01,488,651,203,338,929651,919807,2441,2620,1368,281192,278903,0
2021-12-04 22:36:01,468,627,203,339,930479,920745,2137,2285,1284,281426,279217,0
2021-12-04 23:06:01,409,577,203,340,931270,921569,1635,1773,1175,281631,279505,0
2021-12-04 23:36:01,402,563,201,342,932118,922352,1665,1664,1134,281832,279787,0
2021-12-05 00:06:02,382,522,201,345,932770,922973,1485,1370,1097,282023,280048,0
2021-12-05 00:37:01,395,509,202,344,933461,923649,1271,1221,1084,282227,280311,0
2021-12-05 01:07:01,390,508,200,345,934144,924166,1281,1086,1064,282422,280565,0
2021-12-05 01:37:01,395,482,201,343,934947,924768,1423,1060,1050,282619,280806,0
2021-12-05 02:07:01,401,496,204,340,935682,925373,1515,1208,1070,282820,281054,0
2021-12-05 02:37:01,430,496,206,339,936385,926109,1439,1340,1114,283035,281302,0
2021-12-05 03:07:01,439,498,201,342,937056,926642,1362,1286,1107,283254,281551,0
2021-12-05 03:37:01,441,539,199,343,937751,927300,1376,1210,1145,283475,281820,0
2021-12-05 04:07:01,435,540,200,345,938436,928118,1352,1463,1173,283692,282090,0
2021-12-05 04:37:01,458,549,201,346,939086,928873,1300,1493,1199,283921,282365,0
2021-12-05 05:07:01,488,580,201,345,939863,929505,1395,1387,1253,284165,282655,0
2021-12-05 05:37:01,515,614,198,345,940652,930222,1549,1363,1311,284423,282962,0
2021-12-05 06:07:02,520,636,199,346,941447,930962,1589,1501,1375,284683,283280,0
2021-12-05 06:38:01,578,675,200,347,942291,931806,1631,1598,1469,284982,283629,0
2021-12-05 07:08:01,606,698,200,346,943263,932832,1795,1869,1539,285285,283978,0
2021-12-05 07:38:01,658,749,200,346,944326,933829,2070,2025,1606,285614,284352,0
2021-12-05 08:08:01,488,556,198,345,945368,934766,1989,1833,1683,285858,284630,0
2021-12-05 08:38:01,681,752,196,349,946222,935572,1853,1728,1733,286198,285006,0
2021-12-05 09:08:01,749,753,196,351,947340,936687,2004,1949,1805,286573,285383,0
2021-12-05 09:38:01,765,798,195,349,948691,937884,2427,2242,1840,286955,285782,0
2021-12-05 10:08:01,779,849,194,351,950206,939275,2880,2565,1924,287345,286206,0
2021-12-05 10:38:01,770,864,194,351,951597,940480,2918,2631,1941,287730,286638,0
2021-12-05 11:08:01,679,805,195,352,953041,941809,2932,2661,1951,288069,287041,0
2021-12-05 11:38:01,766,897,191,353,954394,943290,2872,2865,1962,288452,287489,0
2021-12-05 12:08:01,780,912,193,350,955714,944825,2577,2939,2017,288842,287945,0
2021-12-05 12:38:01,779,932,194,351,957264,946360,2908,3111,2016,289232,288411,0
2021-12-05 13:08:01,795,926,195,352,958797,947833,3170,3085,2021,289629,288874,0
2021-12-05 13:38:02,731,927,192,352,960564,949293,3247,2955,1935,289995,289338,0
2021-12-05 14:09:01,679,907,192,352,962097,950903,3187,2958,1842,290345,289806,0
2021-12-05 14:39:01,649,840,194,351,963308,952129,2642,2803,1768,290670,290226,0
2021-12-05 15:09:01,629,791,193,352,964547,953571,2490,2706,1684,290984,290622,0
2021-12-05 15:39:01,598,750,191,354,965772,954630,2429,2422,1586,291283,290997,0
2021-12-05 16:09:01,571,715,191,353,967037,955668,2543,2144,1512,291569,291354,0
2021-12-05 16:39:01,581,719,187,353,968098,956726,2334,2104,1528,291859,291714,0
2021-12-05 17:09:01,551,741,186,354,969067,957866,2086,2270,1535,292135,292084,0
2021-12-05 17:39:01,521,758,185,354,970065,958848,2057,2202,1485,292395,292463,0
2021-12-05 18:09:02,524,720,185,356,971081,959760,1992,1822,1454,292658,292823,0
2021-12-05 18:39:02,495,686,184,358,972028,960661,2007,1841,1373,292905,293166,0
2021-12-05 19:10:01,498,656,184,358,972968,961586,1875,1837,1345,293162,293505,0
2021-12-05 19:40:01,504,623,182,358,973765,962639,1673,1910,1323,293414,293817,0
2021-12-05 20:10:01,483,597,182,358,974745,963587,1817,2051,1279,293656,294115,0
2021-12-05 20:40:01,444,578,182,358,975623,964476,1871,1859,1230,293878,294404,0
2021-12-05 21:10:02,438,537,178,359,976420,965466,1668,1875,1163,294097,294673,0
2021-12-05 21:41:01,394,525,179,359,977207,966312,1566,1834,1097,294300,294944,0
2021-12-05 22:11:01,366,476,177,359,977821,967023,1373,1525,1025,294483,295182,0
2021-12-05 22:41:02,375,460,176,358,978552,967756,1335,1392,977,294671,295412,0
2021-12-05 23:12:01,357,433,179,357,979233,968472,1330,1336,933,294855,295636,0
2021-12-05 23:42:01,336,413,179,356,979728,969006,1126,1194,878,295023,295842,0
2021-12-06 00:12:01,321,385,178,358,980232,969558,980,1063,844,295184,296035,0
2021-12-06 00:42:01,314,369,177,359,980670,970082,960,1090,812,295341,296219,0
2021-12-06 01:12:01,302,369,177,358,981081,970562,801,955,798,295492,296404,0
2021-12-06 01:42:01,301,350,174,358,981567,971116,868,1003,769,295642,296579,0
2021-12-06 02:12:01,284,346,172,358,981982,971564,882,1016,766,295784,296752,0
2021-12-06 02:42:01,283,364,172,360,982395,972004,800,838,778,295926,296934,0
2021-12-06 03:12:01,298,372,170,360,982812,972413,802,808,797,296075,297120,0
2021-12-06 03:42:01,294,376,173,361,983188,972897,799,906,798,296222,297308,0
2021-12-06 04:12:01,283,375,175,363,983622,973387,867,1060,799,296363,297495,0
2021-12-06 04:42:01,291,412,171,363,984086,973887,882,988,825,296509,297701,0
2021-12-06 05:12:01,309,432,169,363,984554,974412,907,1011,876,296663,297917,0
2021-12-06 05:42:01,330,463,170,365,985062,974925,971,1053,912,296828,298149,0
2021-12-06 06:12:01,372,488,168,366,985691,975510,1133,1093,1008,297014,298393,0
2021-12-06 06:42:01,408,515,166,367,986427,976247,1326,1275,1095,297218,298650,0
2021-12-06 07:12:01,421,567,166,365,987259,977091,1517,1552,1170,297429,298934,0
2021-12-06 07:42:01,415,585,167,365,988114,977852,1631,1534,1189,297636,299226,0
2021-12-06 08:12:01,451,593,168,368,988955,978733,1719,1666,1234,297862,299523,0
2021-12-06 08:42:01,519,593,169,368,989771,979645,1752,1911,1281,298121,299819,0
2021-12-06 09:12:01,578,627,169,367,990617,980565,1574,1714,1382,298410,300133,0
2021-12-06 09:42:01,585,641,168,367,991588,981544,1745,1788,1418,298703,300453,0
2021-12-06 10:12:01,593,650,169,367,992613,982535,2012,1989,1471,298999,300778,0
2021-12-06 10:42:01,650,695,169,367,993452,983602,1870,2074,1535,299324,301126,0
2021-12-06 11:12:01,661,724,171,367,994464,984611,1834,2052,1580,299655,301488,0
2021-12-06 11:42:01,667,760,170,367,995609,985737,2174,2165,1619,299988,301868,0
2021-12-06 12:12:01,693,771,171,365,996884,986901,2432,2303,1694,300335,302253,0
2021-12-06 12:42:01,673,802,172,365,998024,988074,2357,2330,1679,300671,302654,0
2021-12-06 13:12:01,665,803,170,365,999302,989098,2405,2184,1680,301004,303056,0
2021-12-06 13:42:01,650,768,170,366,1000494,990253,2444,2179,1633,301329,303440,0
2021-12-06 14:12:01,617,767,171,366,1001924,991485,2581,2379,1599,301637,303823,0
2021-12-06 14:42:01,607,742,170,366,1003126,992583,2523,2226,1580,301941,304194,0
2021-12-06 15:12:01,579,720,170,364,1004220,993540,2251,2006,1518,302230,304554,0
2021-12-06 15:42:01,598,705,170,367,1005266,994453,2152,1887,1513,302529,304907,0
2021-12-06 16:12:01,561,705,167,367,1006549,995774,2350,2256,1486,302810,305259,0
2021-12-06 16:42:01,569,671,168,366,1007926,997215,2642,2757,1441,303094,305595,0
2021-12-06 17:12:01,581,670,169,367,1008954,998036,2358,2222,1440,303385,305930,0
2021-12-06 17:42:01,559,685,166,367,1009913,999113,1937,1845,1429,303664,306272,0
2021-12-06 18:12:01,540,708,167,368,1011044,1000118,2139,2119,1429,303934,306626,0
2021-12-06 18:42:01,517,661,164,367,1012000,1001091,1933,1908,1383,304193,306957,0
2021-12-06 19:12:01,500,625,168,365,1013053,1002161,1958,1930,1319,304443,307269,0
2021-12-06 19:42:02,499,607,166,364,1014072,1003188,2179,2203,1276,304692,307573,0
2021-12-06 20:13:01,457,580,168,361,1014945,1003947,1961,1788,1194,304928,307872,0
2021-12-06 20:43:01,440,544,168,365,1015819,1004792,1748,1613,1149,305148,308144,0
2021-12-06 21:13:01,404,526,170,364,1016512,1005480,1576,1549,1092,305350,308407,0
2021-12-06 21:43:01,381,482,170,363,1017261,1006135,1441,1342,1029,305541,308648,0
2021-12-06 22:13:01,372,494,171,363,1018013,1006806,1502,1326,1006,305727,308895,0
2021-12-06 22:43:01,362,467,171,364,1018686,1007488,1402,1324,976,305908,309129,0
2021-12-06 23:13:02,349,445,171,363,1019264,1008033,1313,1277,918,306082,309351,0
2021-12-06 23:44:01,321,433,170,363,1019874,1008741,1238,1321,876,306248,309575,0
2021-12-07 00:14:01,300,416,171,364,1020416,1009397,1139,1356,835,306398,309783,0
2021-12-07 00:44:01,315,400,168,363,1021043,1010020,1181,1264,834,306556,309983,0
2021-12-07 01:14:01,325,398,169,364,1021649,1010557,1233,1075,841,306718,310182,0
2021-12-07 01:44:01,319,385,168,364,1022340,1011135,1301,1121,816,306878,310375,0
2021-12-07 02:14:02,313,357,167,364,1022892,1011651,1251,1104,798,307034,310553,0
2021-12-07 02:44:02,307,341,167,365,1023428,1012044,1091,912,786,307188,310724,0
2021-12-07 03:15:02,312,325,168,365,1023893,1012449,1013,819,770,307349,310892,0
2021-12-07 03:45:02,321,326,170,365,1024386,1012851,968,796,787,307510,311055,0
2021-12-07 04:15:02,315,343,172,366,1024762,1013169,845,666,808,307667,311226,0
2021-12-07 04:45:02,313,388,171,366,1025405,1013610,1022,769,849,307824,311420,0
2021-12-07 05:16:01,319,416,168,370,1025959,1014123,1275,998,875,307988,311635,0
2021-12-07 05:46:01,356,409,167,371,1026458,1014665,1090,1074,909,308166,311839,0
2021-12-07 06:16:01,382,420,167,371,1026930,1015230,989,1122,950,308357,312049,0
2021-12-07 06:46:01,403,457,167,371,1027485,1015752,1074,1126,1006,308559,312278,0
2021-12-07 07:16:01,394,474,168,371,1028139,1016231,1213,1012,1027,308756,312515,0
2021-12-07 07:46:01,420,508,167,372,1028711,1016716,1211,919,1091,308966,312769,0
2021-12-07 08:16:01,364,442,166,372,1029245,1017242,1082,1026,1033,309148,312990,0
2021-12-07 08:46:01,454,506,168,372,1029902,1017865,1219,1188,1175,309375,313243,0
2021-12-07 09:16:01,538,541,167,372,1030614,1018658,1371,1430,1291,309644,313513,0
2021-12-07 09:46:01,523,568,166,372,1031580,1019486,1679,1630,1293,309905,313797,0
2021-12-07 10:16:01,572,605,167,373,1032488,1020297,1867,1645,1369,310191,314100,0
2021-12-07 10:46:02,591,615,164,375,1033390,1021284,1861,1817,1413,310487,314408,0
2021-12-07 11:17:01,570,639,164,374,1034421,1022256,1948,1936,1432,310781,314738,0
2021-12-07 11:47:01,608,666,164,372,1035252,1023088,1794,1761,1495,311085,315071,0
2021-12-07 12:17:01,655,681,164,373,1036038,1024006,1604,1747,1567,311413,315411,0
2021-12-07 12:47:01,643,697,166,372,1037131,1025019,1923,1981,1579,311734,315760,0
2021-12-07 13:17:01,617,674,164,372,1038052,1026043,1979,2038,1523,312043,316097,0
2021-12-07 13:47:01,604,695,163,372,1039152,1027158,2048,2185,1526,312345,316444,0
2021-12-07 14:17:01,609,675,165,373,1040155,1028303,2120,2294,1509,312649,316782,0
2021-12-07 14:47:01,586,704,166,371,1041397,1029309,2263,2177,1489,312942,317134,0
2021-12-07 15:17:01,562,656,166,373,1042546,1030502,2350,2165,1397,313223,317462,0
2021-12-07 15:47:01,555,658,165,373,1043593,1031499,2222,2241,1395,313501,317791,0
2021-12-07 16:17:01,528,655,163,375,1044754,1032538,2175,2014,1359,313765,318118,0
2021-12-07 16:47:01,518,646,163,374,1045785,1033671,2191,2162,1371,314024,318441,0
2021-12-07 17:17:01,492,630,162,376,1046748,1034652,2013,2123,1316,314270,318756,0
2021-12-07 17:47:01,493,670,160,375,1047842,1035568,2037,1866,0,314516,319091,0
2021-12-07 18:17:01,498,669,160,375,1048936,1036666,2187,2019,1327,314765,319426,0
2021-12-07 18:47:01,507,664,159,375,1050198,1037734,2393,2238,1353,315019,319758,0
2021-12-07 19:17:01,525,643,159,375,1051602,1038806,2694,2178,1319,315281,320079,0
2021-12-07 19:47:01,507,617,159,377,1053019,1039825,2751,2078,1289,315535,320388,0
2021-12-07 20:17:01,471,609,155,379,1053973,1040905,2344,2094,1220,315770,320692,0
2021-12-07 20:47:01,469,574,155,382,1055068,1041928,2065,2115,1201,316005,320979,0
2021-12-07 21:17:01,418,543,156,379,1056036,1042811,2057,1927,1101,316214,321251,0
2021-12-07 21:47:01,369,523,155,380,1056902,1043644,1838,1690,1034,316398,321512,0
2021-12-07 22:17:01,359,464,155,381,1057482,1044433,1513,1682,956,316578,321744,0
2021-12-07 22:47:01,355,425,155,381,1058112,1045165,1211,1501,914,316755,321957,0
2021-12-07 23:17:01,337,409,154,381,1058690,1045786,1136,1308,865,316924,322161,0
2021-12-07 23:47:01,328,363,156,381,1059156,1046388,987,1190,805,317088,322343,0
2021-12-08 00:17:01,302,349,158,380,1059651,1046801,912,950,767,317239,322517,0
2021-12-08 00:47:01,290,335,156,378,1060046,1047224,920,868,760,317384,322685,0
2021-12-08 01:17:02,294,335,154,380,1060447,1047607,787,792,755,317531,322852,0
2021-12-08 01:48:01,320,343,155,378,1060857,1048068,819,863,782,317696,323029,0
2021-12-08 02:18:01,327,353,156,378,1061394,1048538,960,947,800,317860,323206,0
2021-12-08 02:48:01,321,349,155,375,1061991,1049074,1213,1068,817,318020,323380,0
2021-12-08 03:18:01,323,356,158,376,1062583,1049597,1134,1049,806,318182,323558,0
2021-12-08 03:48:01,310,364,158,376,1063208,1050100,1140,994,817,318337,323740,0
2021-12-08 04:18:01,314,373,159,377,1063794,1050588,1180,1006,829,318494,323927,0
2021-12-08 04:48:01,319,399,159,379,1064369,1051080,1173,993,845,318653,324126,0
2021-12-08 05:18:01,351,401,155,383,1064881,1051462,1070,861,888,318829,324327,0
2021-12-08 05:48:01,374,398,154,383,1065411,1051977,1019,902,926,319016,324526,0
2021-12-08 06:18:01,397,459,156,383,1065868,1052410,964,929,1005,319214,324755,0
2021-12-08 06:48:01,437,497,155,383,1066368,1052909,966,912,1091,319433,325004,0
2021-12-08 07:18:01,444,510,154,383,1067058,1053431,1196,1033,1138,319655,325259,0
2021-12-08 07:48:01,471,528,154,383,1067717,1054049,1383,1169,1193,319890,325523,0
2021-12-08 08:18:01,480,550,154,386,1068377,1054670,1258,1191,1212,320130,325798,0
2021-12-08 08:48:01,518,599,156,386,1069183,1055418,1477,1392,1323,320389,326097,0
2021-12-08 09:18:01,572,611,153,387,1069990,1056182,1629,1522,1362,320675,326403,0
2021-12-08 09:48:01,597,606,153,385,1070880,1057107,1746,1700,1407,320974,326706,0
2021-12-08 10:18:01,597,656,155,385,1071787,1057922,1853,1795,1409,321272,327034,0
2021-12-08 10:48:01,634,689,154,384,1072763,1058817,1870,1723,1486,321589,327378,0
2021-12-08 11:18:01,634,717,156,385,1073583,1059751,1776,1820,1514,321906,327737,0
2021-12-08 11:48:01,694,737,158,381,1074559,1060820,1790,1972,1612,322253,328105,0
2021-12-08 12:18:01,696,737,158,380,1075618,1061858,2086,2134,1605,322601,328474,0
2021-12-08 12:48:01,670,733,158,380,1076601,1063033,2039,2213,1579,322936,328840,0
2021-12-08 13:18:02,673,732,157,380,1077666,1064222,2076,2358,1580,323273,329206,0
2021-12-08 13:49:01,646,713,157,380,1078732,1065542,2134,2496,1531,323606,329575,0
2021-12-08 14:19:01,608,710,157,379,1079700,1066615,2031,2437,1496,323910,329930,0
2021-12-08 14:49:01,571,665,155,380,1080649,1067641,1953,2133,1425,324196,330262,0
2021-12-08 15:19:01,539,660,154,381,1081660,1068644,1988,2052,1371,324465,330592,0
2021-12-08 15:49:01,523,630,153,381,1082625,1069585,1960,1811,1321,324727,330907,0
2021-12-08 16:19:01,500,618,153,384,1083471,1070550,1868,2024,1306,324977,331216,0
2021-12-08 16:49:01,511,621,152,385,1084257,1071605,1641,2034,1290,325232,331527,0
2021-12-08 17:19:01,519,631,152,386,1085161,1072416,1649,1757,1305,325492,331842,0
2021-12-08 17:49:01,497,670,150,386,1086160,1073377,1921,1820,1341,325740,332177,0
2021-12-08 18:19:01,472,658,149,386,1087234,1074367,2049,1909,1327,325976,332506,0
2021-12-08 18:49:02,465,625,149,386,1088225,1075468,2029,2096,1268,326209,332819,0
2021-12-08 19:20:02,451,599,150,385,1089111,1076401,1913,2028,1214,326442,333128,0
2021-12-08 19:50:02,431,617,144,387,1090169,1077241,1900,1762,1221,326658,333437,0
2021-12-08 20:21:01,387,571,143,389,1091231,1078059,2043,1597,1139,326857,333732,0
2021-12-08 20:51:01,398,570,142,389,1092024,1078935,1883,1714,1118,327056,334017,0
2021-12-08 21:21:01,364,587,140,388,1093111,1079847,1799,1723,1082,327238,334310,0
2021-12-08 21:51:01,347,565,141,388,1094122,1080765,2125,1851,1053,327412,334593,0
2021-12-08 22:21:01,285,497,140,388,1094951,1081602,1815,1753,953,327554,334841,0
2021-12-08 22:51:01,290,448,139,390,1095554,1082349,1428,1583,868,327699,335065,0
2021-12-08 23:21:01,281,392,136,394,1096041,1082888,1127,1327,812,327840,335261,0
2021-12-08 23:51:01,285,353,136,395,1096559,1083449,998,1095,761,327982,335438,0
2021-12-09 00:21:01,277,338,136,394,1096976,1083957,935,1072,714,328121,335607,0
2021-12-09 00:51:01,291,321,134,394,1097305,1084628,712,1147,708,328266,335767,0
2021-12-09 01:21:01,278,314,135,394,1097685,1085064,712,1108,690,328405,335924,0
2021-12-09 01:51:01,280,306,135,394,1098187,1085481,923,900,685,328545,336077,0
2021-12-09 02:21:01,277,314,135,394,1098614,1085835,900,761,699,328684,336234,0
2021-12-09 02:51:01,283,317,136,393,1099016,1086234,821,748,708,328825,336393,0
2021-12-09 03:21:01,268,325,134,393,1099319,1086550,699,699,692,328959,336555,0
2021-12-09 03:51:01,287,321,133,392,1099789,1086950,790,742,718,329103,336716,0
2021-12-09 04:21:01,298,333,133,390,1100264,1087403,900,822,743,329252,336882,0
2021-12-09 04:51:02,297,346,132,393,1100839,1087869,1016,898,770,329400,337055,0
2021-12-09 05:22:01,298,367,131,394,1101378,1088333,1061,906,792,329554,337245,0
2021-12-09 05:52:01,323,388,130,394,1101948,1088839,1039,940,852,329716,337439,0
2021-12-09 06:22:01,348,391,131,391,1102491,1089289,1175,1014,906,329890,337634,0
2021-12-09 06:52:01,374,426,133,389,1103133,1089775,1199,947,969,330077,337847,0
2021-12-09 07:22:01,399,426,134,390,1103710,1090351,1166,1056,963,330276,338060,0
2021-12-09 07:52:01,423,464,134,393,1104296,1090928,1104,1095,1037,330488,338292,0
2021-12-09 08:22:01,407,405,135,389,1104881,1091510,1131,1098,1020,330691,338495,0
2021-12-09 08:52:01,436,443,134,389,1105472,1092058,1220,1169,1077,330909,338716,0
2021-12-09 09:22:01,466,503,135,389,1106012,1092711,1135,1225,1150,331142,338968,0
2021-12-09 09:52:01,503,549,135,391,1106683,1093421,1173,1330,1219,331394,339242,0
2021-12-09 10:22:01,532,549,134,389,1107390,1094235,1378,1521,1265,331660,339517,0
2021-12-09 10:52:01,541,572,133,388,1108128,1094949,1426,1474,1300,331930,339803,0
2021-12-09 11:22:01,547,606,135,389,1109046,1095636,1726,1468,1346,332204,340106,0
2021-12-09 11:52:01,597,615,135,393,1110113,1096425,1949,1463,1420,332502,340413,0
2021-12-09 12:22:01,578,670,135,392,1111251,1097276,2234,1676,1454,332791,340748,0
2021-12-09 12:52:01,567,652,137,391,1112317,1098199,2164,1737,1461,333075,341074,0
2021-12-09 13:22:01,530,669,137,387,1113465,1099136,2109,1769,1400,333340,341409,0
2021-12-09 13:52:01,546,652,130,388,1114521,1100089,2077,1900,1374,333613,341735,0
2021-12-09 14:22:01,555,641,129,391,1115460,1101109,1980,1969,1356,333890,342055,0
2021-12-09 14:52:01,481,603,132,390,1116503,1101896,2042,1861,1265,334131,342357,0
2021-12-09 15:22:01,478,558,135,390,1117344,1102730,1862,1595,1226,334370,342636,0
2021-12-09 15:52:01,466,577,134,391,1118229,1103351,1735,1436,1221,334603,342924,0
2021-12-09 16:22:01,488,595,132,393,1119140,1104069,1822,1376,1257,334847,343222,0
2021-12-09 16:52:01,500,590,129,390,1119993,1104992,1783,1662,1273,335097,343517,0
2021-12-09 17:22:01,511,576,130,389,1120763,1106017,1622,1946,1243,335352,343805,0
2021-12-09 17:52:01,517,558,132,392,1121586,1106829,1616,1895,1235,335611,344084,0
2021-12-09 18:22:01,515,542,132,391,1122340,1107701,1577,1686,1215,335868,344355,0
2021-12-09 18:52:01,494,545,134,392,1123086,1108560,1512,1751,1193,336115,344627,0
2021-12-09 19:22:01,477,516,135,393,1123882,1109405,1531,1680,1122,336354,344885,0
2021-12-09 19:52:01,466,525,132,392,1124814,1110268,1709,1665,1116,336587,345148,0
2021-12-09 20:22:01,432,495,132,392,1125737,1111178,1897,1817,1078,336803,345395,0
2021-12-09 20:52:02,409,438,131,392,1126467,1111901,1731,1719,981,337007,345614,0
2021-12-09 21:23:02,367,412,131,392,1127275,1112529,1460,1310,903,337197,345827,0
2021-12-09 21:54:01,355,409,131,391,1128025,1113256,1552,1318,892,337380,346038,0
2021-12-09 22:24:01,337,409,130,392,1128758,1113863,1498,1343,860,337549,346243,0
2021-12-09 22:54:01,322,375,130,393,1129377,1114614,1291,1337,824,337710,346430,0
2021-12-09 23:24:01,303,340,130,392,1130171,1115265,1399,1389,777,337861,346600,0
2021-12-09 23:54:01,303,334,131,390,1130828,1115852,1455,1244,753,338013,346767,0
2021-12-10 00:24:01,279,322,133,391,1131543,1116321,1318,1014,717,338152,346928,0
2021-12-10 00:54:01,281,349,131,394,1131959,1116762,1020,876,736,338293,347103,0
2021-12-10 01:24:01,264,311,126,394,1132581,1117258,1021,950,716,338425,347258,0
2021-12-10 01:54:01,264,296,124,392,1132862,1117550,932,805,677,338557,347406,0
2021-12-10 02:24:01,252,306,121,396,1133101,1117926,608,727,671,338683,347559,0
2021-12-10 02:54:01,260,296,124,398,1133307,1118181,452,644,664,338813,347707,0
2021-12-10 03:24:01,251,307,123,399,1133655,1118466,551,538,675,338938,347861,0
2021-12-10 03:54:01,246,316,122,394,1134109,1118751,769,509,685,339061,348019,0
2021-12-10 04:24:01,251,302,121,397,1134432,1118987,786,526,676,339187,348170,0
2021-12-10 04:54:01,276,319,122,396,1134915,1119344,724,565,707,339325,348329,0
2021-12-10 05:24:01,291,350,121,400,1135182,1119549,707,550,736,339470,348504,0
2021-12-10 05:54:01,310,359,122,399,1135561,1119837,744,547,768,339625,348684,0
2021-12-10 06:24:01,338,375,122,400,1136092,1120217,912,675,828,339794,348871,0
2021-12-10 06:54:01,331,414,122,398,1136624,1120547,1085,725,885,339960,349078,0
2021-12-10 07:24:01,365,425,122,402,1137092,1120943,967,706,950,340142,349291,0
2021-12-10 07:54:01,404,463,123,402,1137722,1121557,1061,1005,991,340344,349522,0
2021-12-10 09:54:01,507,554,120,397,1140771,1124292,1591,1515,1243,341358,350630,0
2021-12-10 10:24:01,534,558,120,400,1141471,1124860,1585,1356,1282,341625,350909,0
2021-12-10 10:54:01,607,603,120,398,1142322,1125661,1492,1369,1391,341929,351211,0
2021-12-10 11:24:01,651,603,120,398,1143361,1126420,1948,1616,1458,342254,351512,0
2021-12-10 11:54:01,626,618,121,398,1144298,1127149,1826,1405,1515,342567,351821,0
2021-12-10 12:24:01,651,635,122,397,1145347,1127818,1931,1343,1542,342893,352139,0
2021-12-10 12:54:01,647,653,121,395,1146159,1128705,1860,1598,1575,343216,352465,0
2021-12-10 13:24:01,646,645,120,399,1146926,1129731,1584,1923,1558,343539,352788,0
2021-12-10 13:54:01,625,649,120,401,1147691,1130552,1506,1822,1549,343852,353112,0
2021-12-10 14:24:01,644,682,121,401,1148725,1131526,1767,1769,1527,344174,353453,0
2021-12-10 14:54:01,661,701,121,401,1149967,1132604,2286,2059,1524,344504,353804,0
2021-12-10 15:24:01,622,668,121,398,1151042,1133774,2250,2221,1466,344815,354138,0
2021-12-10 15:54:01,600,666,119,401,1152349,1134629,2303,1962,1439,345115,354471,0
2021-12-10 16:24:01,602,647,120,400,1153347,1135684,2354,2009,1443,345416,354794,0
2021-12-10 16:54:01,602,684,121,400,1154515,1136646,2118,1919,1432,345717,355136,0
2021-12-10 17:24:01,549,683,121,401,1155705,1137574,2266,1803,1419,345992,355478,0
2021-12-10 17:54:01,527,669,121,400,1156840,1138355,2426,1805,1391,346255,355812,0
2021-12-10 18:24:01,485,667,122,398,1157916,1139208,2230,1644,1372,346498,356146,0
2021-12-10 18:54:02,485,617,121,399,1158933,1139957,2048,1560,1312,346740,356455,0
2021-12-10 19:25:01,481,628,119,404,1160237,1140803,2239,1565,1260,346989,356779,0
2021-12-10 19:55:01,442,627,123,404,1161108,1141483,1978,1422,1241,347210,357092,0
2021-12-10 20:25:01,431,613,120,402,1162007,1142208,1783,1412,1214,347425,357399,0
2021-12-10 20:55:01,400,615,121,402,1162962,1143041,1875,1581,1151,347625,357706,0
2021-12-10 21:25:02,356,620,118,402,1164050,1143826,2039,1581,1143,347803,358017,0
