Timestamp,WardenCaptures,ColonialCaptures,WardenCasualties,ColonialCasualties,WardenCasualtyRate,ColonialCasualityRate,SteamPlayers
2020-09-23 02:21:01,0,0,0,0,0,0,0
2020-09-23 02:51:01,0,0,0,0,0,0,0
2020-09-23 03:21:01,121,280,164528,143582,714,610,371
2020-09-23 03:51:01,121,281,164866,143838,698,555,376
2020-09-23 04:21:02,121,280,165125,144148,539,537,397
2020-09-23 04:51:02,121,281,165413,144370,524,503,400
2020-09-23 05:22:01,121,281,165654,144617,538,477,422
2020-09-23 05:52:01,120,280,165897,144904,489,543,427
2020-09-23 06:22:01,119,281,166133,145172,458,499,452
2020-09-23 06:52:01,120,281,166498,145462,601,559,482
2020-09-23 07:22:01,120,281,166867,145751,741,583,490
2020-09-23 07:52:01,120,281,167232,146119,737,657,515
2020-09-23 08:22:02,120,281,167672,146546,810,800,513
2020-09-23 08:53:01,120,282,168065,146904,770,742,530
2020-09-23 09:23:01,119,282,168469,147250,826,731,554
2020-09-23 09:53:01,119,281,168845,147514,803,627,576
2020-09-23 10:23:01,120,281,169130,147757,661,511,622
2020-09-23 10:53:01,121,281,169508,148156,665,645,638
2020-09-23 11:23:01,120,282,169941,148578,792,787,666
2020-09-23 11:53:01,120,282,170340,148983,832,828,667
2020-09-23 12:23:01,120,283,170776,149345,822,755,691
2020-09-23 12:53:02,120,283,171276,149798,912,801,669
2020-09-23 13:24:01,120,283,171771,150287,933,909,658
2020-09-23 13:54:01,120,283,172242,150704,922,866,621
2020-09-23 14:24:01,120,283,172739,151067,1013,825,607
2020-09-23 14:54:01,120,283,173099,151443,863,745,595
2020-09-23 15:24:01,120,283,173491,151808,760,749,601
2020-09-23 15:54:01,120,283,173906,152145,799,695,586
2020-09-23 16:24:01,120,283,174336,152441,842,622,606
2020-09-23 16:54:01,120,283,174773,152735,870,593,609
2020-09-23 17:24:01,116,285,175303,153112,977,681,600
2020-09-23 17:54:01,116,287,175795,153578,1023,844,610
2020-09-23 18:24:01,116,285,176299,154044,1003,932,618
2020-09-23 18:54:01,115,284,176766,154507,988,957,580
2020-09-23 19:24:01,115,286,177200,154880,904,828,534
2020-09-23 19:54:01,115,287,177609,155331,845,832,484
2020-09-23 20:24:01,116,286,177961,155685,795,827,467
2020-09-23 20:54:01,116,286,178318,155954,701,612,447
2020-09-23 21:24:01,117,285,178682,156243,732,561,429
2020-09-23 21:54:01,117,285,178932,156475,614,521,418
2020-09-23 22:24:01,117,283,179157,156684,477,443,415
2020-09-23 22:54:01,117,283,179378,156907,451,439,407
2020-09-23 23:24:01,117,284,179565,157137,412,462,398
2020-09-23 23:54:01,120,282,179735,157426,362,520,384
2020-09-24 00:24:01,120,280,179917,157632,356,496,382
2020-09-24 00:54:01,120,282,180139,157982,404,556,378
2020-09-24 01:24:01,120,282,180294,158262,377,609,368
2020-09-24 01:54:01,119,280,180546,158493,408,511,370
2020-09-24 02:24:01,118,278,180745,158754,439,481,372
2020-09-24 02:54:02,121,278,180883,158909,334,429,371
2020-09-24 03:25:01,122,278,181045,159040,307,291,382
2020-09-24 03:55:02,122,276,181227,159229,348,324,384
2020-09-24 04:26:01,123,276,181434,159444,394,413,400
2020-09-24 04:56:01,125,276,181558,159619,330,380,429
2020-09-24 05:26:01,125,276,181685,159761,250,322,457
2020-09-24 05:56:01,125,276,181863,159987,305,369,481
2020-09-24 06:26:01,125,277,182086,160318,393,545,510
2020-09-24 06:56:01,125,278,182381,160598,527,620,524
2020-09-24 07:26:01,125,278,182683,160857,592,535,543
2020-09-24 07:56:01,125,278,182901,161085,522,487,562
2020-09-24 08:26:01,124,278,183139,161319,455,460,594
2020-09-24 08:56:01,125,278,183539,161686,615,584,628
2020-09-24 09:26:01,125,278,183980,162138,828,792,634
2020-09-24 09:56:01,124,278,184395,162566,856,881,638
2020-09-24 10:26:01,124,277,184823,163005,799,825,685
2020-09-24 10:56:01,124,277,185254,163277,798,637,695
2020-09-24 11:26:01,121,278,185642,163584,822,581,683
2020-09-24 11:56:01,122,279,185963,163920,733,654,685
2020-09-24 12:26:01,122,279,186363,164329,705,729,705
2020-09-24 12:56:01,122,279,186822,164645,822,696,707
2020-09-24 13:26:01,122,278,187262,164961,856,627,696
2020-09-24 13:56:01,122,277,187588,165333,789,712,662
2020-09-24 14:26:01,122,280,188001,165627,743,670,649
2020-09-24 14:56:01,121,282,188289,165794,748,497,576
2020-09-24 15:26:01,119,282,188555,165981,560,361,579
2020-09-24 15:56:02,119,281,188893,166242,610,459,581
2020-09-24 16:27:01,120,278,189292,166553,745,590,544
2020-09-24 16:57:01,120,278,189643,166808,760,580,523
2020-09-24 17:27:01,120,279,189989,167128,671,564,532
2020-09-24 17:57:01,119,283,190326,167507,667,695,533
2020-09-24 18:27:01,120,282,190668,167886,687,767,545
2020-09-24 18:57:01,121,281,191038,168223,713,717,530
2020-09-24 19:27:01,121,277,191256,168482,595,606,518
2020-09-24 19:57:01,121,277,191542,168672,507,459,506
2020-09-24 20:27:01,121,277,191778,168900,543,431,483
2020-09-24 20:57:01,121,280,191969,169110,429,441,455
2020-09-24 21:27:01,121,281,192188,169363,417,469,438
2020-09-24 21:57:01,122,281,192318,169559,322,422,425
2020-09-24 22:27:02,122,281,192461,169793,290,438,412
2020-09-24 22:58:01,122,281,192602,169958,288,407,391
2020-09-24 23:28:01,122,281,192751,170099,305,323,375
2020-09-24 23:58:01,122,281,192940,170275,349,328,328
2020-09-25 00:28:01,122,281,193156,170415,406,325,318
2020-09-25 00:58:01,122,281,193335,170540,359,233,316
2020-09-25 01:28:01,122,281,193522,170727,343,312,341
2020-09-25 01:58:01,122,281,193683,170884,345,344,340
2020-09-25 02:28:01,122,278,193885,171080,369,363,360
2020-09-25 02:58:01,122,279,194097,171304,402,423,359
2020-09-25 03:28:01,122,280,194348,171508,487,452,335
2020-09-25 03:58:01,122,280,194543,171697,455,401,356
2020-09-25 04:28:01,122,280,194715,171801,369,293,382
2020-09-25 04:58:01,122,277,194951,171978,415,291,415
2020-09-25 05:28:01,122,281,195327,172163,570,336,438
2020-09-25 05:58:01,121,282,195582,172375,543,357,464
2020-09-25 06:28:02,121,282,195787,172549,457,394,475
2020-09-25 06:59:01,121,281,195968,172705,371,305,494
2020-09-25 07:29:01,121,280,196212,172889,404,319,508
2020-09-25 07:59:01,121,280,196428,173101,458,382,521
2020-09-25 08:29:01,121,279,196720,173313,499,439,537
2020-09-25 08:59:01,121,279,197000,173553,605,477,570
2020-09-25 09:29:01,121,280,197302,173813,593,514,612
2020-09-25 09:59:01,121,280,197570,174109,538,533,651
2020-09-25 10:29:01,121,280,197924,174461,627,674,641
2020-09-25 10:59:01,121,280,198241,174657,670,553,668
2020-09-25 11:29:01,121,281,198621,174935,655,442,679
2020-09-25 11:59:01,121,282,198997,175179,754,521,688
2020-09-25 12:29:01,121,282,199380,175423,779,502,718
2020-09-25 12:59:01,121,282,199810,175836,841,685,691
2020-09-25 13:29:01,121,282,200168,176217,628,698,677
2020-09-25 13:59:01,121,282,200531,176614,644,752,660
2020-09-25 14:29:01,121,282,200943,176938,796,736,639
2020-09-25 14:59:01,121,282,201461,177375,950,779,623
2020-09-25 15:29:01,121,282,201924,177813,942,854,623
2020-09-25 15:59:01,120,282,202351,178296,860,927,611
2020-09-25 16:29:01,121,282,202825,178676,908,868,598
2020-09-25 16:59:01,121,282,203284,179005,891,668,554
2020-09-25 17:29:01,121,282,203706,179384,883,713,551
2020-09-25 17:59:01,121,282,204114,179837,831,831,549
2020-09-25 18:29:01,121,282,204522,180273,726,812,556
2020-09-25 18:59:01,121,281,204828,180542,596,570,548
2020-09-25 19:29:01,121,282,205152,180853,633,580,542
2020-09-25 19:59:01,121,280,205474,181103,655,570,534
2020-09-25 20:29:01,121,280,205809,181346,597,453,535
2020-09-25 20:59:01,121,280,206195,181652,722,550,487
2020-09-25 21:29:01,122,280,206527,181950,731,612,461
2020-09-25 21:59:01,121,281,206807,182162,614,513,452
2020-09-25 22:29:01,121,281,207047,182299,551,386,457
2020-09-25 22:59:01,121,282,207252,182514,462,360,436
2020-09-25 23:29:01,121,282,207413,182707,392,411,419
2020-09-25 23:59:01,121,282,207568,182903,332,370,417
2020-09-26 00:29:01,121,282,207785,183051,384,347,409
2020-09-26 00:59:01,121,282,207998,183220,431,320,413
2020-09-26 01:29:02,121,282,208183,183355,403,305,446
2020-09-26 02:00:02,122,281,208442,183522,422,286,450
2020-09-26 02:31:01,122,281,208723,183769,515,393,486
2020-09-26 03:01:01,122,281,209043,184064,610,552,493
2020-09-26 03:31:01,122,279,209381,184343,571,529,480
2020-09-26 04:01:01,122,279,209674,184574,601,455,487
2020-09-26 04:31:01,122,280,209937,184819,563,481,527
2020-09-26 05:01:01,122,280,210207,185200,532,628,574
2020-09-26 05:31:01,122,279,210675,185699,705,829,598
2020-09-26 06:01:01,123,279,211097,186039,833,770,609
2020-09-26 06:31:01,123,279,211479,186294,822,612,616
2020-09-26 07:01:02,123,279,211755,186580,669,549,656
2020-09-26 07:32:01,123,279,212096,186878,617,593,661
2020-09-26 08:02:01,123,279,212433,187249,680,671,683
2020-09-26 08:32:01,123,279,212879,187558,784,680,698
2020-09-26 09:02:01,124,279,213283,187866,863,619,755
2020-09-26 09:32:01,124,279,213743,188237,852,695,788
2020-09-26 10:02:01,123,279,214206,188681,929,820,820
2020-09-26 10:32:01,123,280,214817,189115,1014,844,846
2020-09-26 11:02:01,123,280,215291,189582,1041,853,853
2020-09-26 11:32:02,125,277,215981,190342,1141,1202,898
2020-09-26 12:03:01,124,278,216668,191027,1340,1411,900
2020-09-26 12:33:01,124,278,217396,191636,1369,1259,907
2020-09-26 13:03:01,124,278,218005,192157,1352,1143,889
2020-09-26 13:33:02,126,277,218618,192649,1223,1042,861
2020-09-26 14:04:01,126,277,219250,193229,1246,1072,808
2020-09-26 14:34:01,126,277,219843,193790,1230,1150,813
2020-09-26 15:04:01,126,277,220453,194425,1205,1197,788
2020-09-26 15:34:01,126,277,221078,195083,1240,1289,754
2020-09-26 16:04:01,126,276,221684,195595,1286,1222,690
2020-09-26 16:34:01,126,275,222229,196131,1100,1018,668
2020-09-26 17:04:02,128,275,222573,196543,889,950,652
2020-09-26 17:35:01,128,276,223008,196904,783,787,644
2020-09-26 18:05:01,128,275,223470,197203,924,664,616
2020-09-26 18:35:01,128,276,223849,197562,891,697,602
2020-09-26 19:05:02,128,275,224227,197931,746,722,606
2020-09-26 19:36:01,128,274,224703,198393,831,824,588
2020-09-26 20:06:01,128,274,225172,198814,878,845,570
2020-09-26 20:36:01,127,274,225701,199243,1014,862,545
2020-09-26 21:06:01,126,275,226131,199637,995,861,516
2020-09-26 21:36:01,126,276,226574,200021,875,787,497
2020-09-26 22:06:01,125,276,227010,200466,878,829,484
2020-09-26 22:36:01,126,276,227408,200802,817,764,444
2020-09-26 23:06:02,128,276,227728,201133,726,673,422
2020-09-26 23:37:01,128,276,227999,201354,595,550,417
2020-09-27 00:07:01,127,276,228301,201573,568,419,401
2020-09-27 00:37:01,128,276,228664,201866,669,519,410
2020-09-27 01:07:01,128,276,229013,202117,711,544,409
2020-09-27 01:37:01,126,275,229422,202425,676,504,429
2020-09-27 02:07:01,127,275,229736,202714,651,531,423
2020-09-27 02:37:01,127,275,230068,202965,627,536,458
2020-09-27 03:07:01,128,275,230336,203230,607,524,464
2020-09-27 03:37:01,128,275,230630,203498,570,533,471
2020-09-27 04:07:01,127,275,230914,203808,581,581,509
2020-09-27 04:37:01,128,275,231220,204149,590,635,525
2020-09-27 05:07:02,129,275,231603,204487,704,682,538
2020-09-27 05:38:01,129,275,231941,204855,763,736,552
2020-09-27 06:08:02,129,275,232247,205105,615,580,571
2020-09-27 06:39:01,129,275,232703,205462,768,592,609
2020-09-27 07:09:01,129,274,233048,205780,785,677,615
2020-09-27 07:39:02,129,275,233411,206062,625,552,627
2020-09-27 08:10:01,129,275,233863,206417,753,578,606
2020-09-27 08:40:01,127,275,234254,206694,829,599,639
2020-09-27 09:10:01,127,275,234683,207060,794,624,651
2020-09-27 09:40:01,127,275,235089,207419,772,702,663
2020-09-27 10:10:01,127,276,235460,207754,794,701,645
2020-09-27 10:40:01,127,276,235792,208057,702,641,698
2020-09-27 11:10:01,127,276,236194,208456,737,705,732
2020-09-27 11:40:01,127,277,236593,208879,806,822,743
2020-09-27 12:10:01,127,275,237057,209312,849,822,740
2020-09-27 12:40:02,127,275,237628,209831,1064,989,727
2020-09-27 13:11:01,127,272,238067,210218,922,850,710
2020-09-27 13:41:01,128,273,238717,210846,1098,1017,682
2020-09-27 14:11:01,129,275,239418,211409,1392,1219,640
2020-09-27 14:41:01,129,275,239909,211858,1164,986,612
2020-09-27 15:11:01,129,275,240223,212179,807,773,579
2020-09-27 15:41:02,129,275,240561,212498,662,646,572
2020-09-27 16:12:01,129,274,240886,212794,649,590,558
2020-09-27 16:42:01,129,274,241202,213172,652,694,545
2020-09-27 17:12:01,129,274,241528,213571,656,801,545
2020-09-27 17:42:01,129,275,241934,213900,737,728,557
2020-09-27 18:12:01,129,275,242370,214443,870,897,539
2020-09-27 18:42:01,127,275,242844,214984,917,1086,520
2020-09-27 19:12:01,127,275,243224,215449,861,1011,498
2020-09-27 19:42:01,127,275,243598,215885,730,827,486
2020-09-27 20:12:01,127,275,243966,216253,710,741,463
2020-09-27 20:42:01,127,275,244232,216519,640,642,432
2020-09-27 21:12:01,127,275,244423,216756,458,503,433
2020-09-27 21:42:01,127,274,244725,217042,479,503,425
2020-09-27 22:12:01,127,275,244913,217271,469,481,388
2020-09-27 22:42:01,127,275,245080,217457,326,391,382
2020-09-27 23:12:01,127,275,245274,217610,360,339,375
2020-09-27 23:42:02,127,275,245490,217839,429,397,339
2020-09-28 00:13:02,128,272,245722,218122,424,482,319
2020-09-28 00:44:01,128,272,245930,218351,385,445,325
2020-09-28 01:14:01,130,272,246134,218534,414,414,325
2020-09-28 01:44:01,130,272,246353,218751,424,406,317
2020-09-28 02:14:01,129,272,246617,218983,485,456,332
2020-09-28 02:44:01,129,272,246899,219254,546,503,342
2020-09-28 03:14:01,130,271,247126,219495,507,513,349
2020-09-28 03:44:01,130,271,247355,219665,462,415,353
2020-09-28 04:14:01,131,271,247594,219877,468,383,367
2020-09-28 04:44:01,131,271,247848,220222,503,566,384
2020-09-28 05:14:02,131,271,248076,220407,484,538,383
2020-09-28 05:45:02,131,272,248438,220666,593,448,403
2020-09-28 06:16:01,131,272,248765,220938,666,521,434
2020-09-28 06:46:01,132,272,249138,221240,702,576,457
2020-09-28 07:16:01,131,272,249529,221543,848,666,477
2020-09-28 07:46:01,131,272,249993,221902,866,671,510
2020-09-28 08:16:02,132,272,250388,222217,864,671,518
2020-09-28 08:47:01,128,270,250747,222573,704,633,554
2020-09-28 09:17:01,128,273,251151,222917,761,694,566
2020-09-28 09:47:01,130,273,251567,223325,808,750,586
2020-09-28 10:17:01,129,274,251925,223773,794,866,603
2020-09-28 10:47:02,129,272,252369,224318,809,1000,627
2020-09-28 11:18:01,128,273,252847,224888,922,1121,644
2020-09-28 11:48:01,130,272,253345,225394,978,1083,659
2020-09-28 12:18:01,129,271,253878,225903,1035,1022,668
2020-09-28 12:48:01,129,272,254465,226355,1107,922,673
2020-09-28 13:18:01,130,273,255050,226934,1208,1061,717
2020-09-28 13:48:01,129,275,255534,227454,1036,1080,704
2020-09-28 14:18:01,129,275,255927,227961,872,1035,650
2020-09-28 14:48:01,129,274,256379,228504,869,1066,635
2020-09-28 15:18:01,129,275,256812,228952,872,949,602
2020-09-28 15:48:01,129,275,257207,229456,794,921,600
2020-09-28 16:18:01,129,275,257712,230005,901,1054,581
2020-09-28 16:48:01,129,274,258403,230603,1224,1165,570
2020-09-28 17:18:01,129,273,258980,231059,1260,1032,579
2020-09-28 17:48:01,128,275,259517,231463,1020,802,610
2020-09-28 18:18:01,126,274,260161,231968,1214,960,595
2020-09-28 18:48:01,129,273,260774,232529,1340,1178,585
2020-09-28 19:18:01,127,273,261396,233199,1243,1238,565
2020-09-28 19:48:01,128,274,261907,233725,1156,1224,551
2020-09-28 20:18:01,128,274,262289,234178,827,933,521
2020-09-28 20:48:01,128,273,262701,234590,778,849,497
2020-09-28 21:18:01,125,274,263070,235020,757,800,469
2020-09-28 21:48:01,126,273,263454,235522,749,922,429
2020-09-28 22:18:02,127,273,263833,236006,780,1010,389
2020-09-28 22:49:01,128,273,264168,236412,650,790,371
2020-09-28 23:19:01,128,273,264463,236762,632,767,366
2020-09-28 23:49:01,128,273,264698,237178,550,800,345
2020-09-29 00:19:01,128,273,264814,237347,338,578,304
2020-09-29 00:49:01,128,273,264966,237540,265,362,307
2020-09-29 01:19:01,128,272,265149,237701,328,337,319
2020-09-29 01:49:01,128,270,265343,237859,384,327,299
2020-09-29 02:19:01,129,270,265514,238005,354,293,322
2020-09-29 02:49:01,127,270,265712,238280,375,424,334
2020-09-29 03:19:01,129,268,265872,238499,348,485,341
2020-09-29 03:49:01,133,268,266024,238699,288,397,346
2020-09-29 04:19:01,134,267,266192,238835,320,343,371
2020-09-29 04:49:01,136,267,266364,239008,333,303,382
2020-09-29 05:19:01,137,265,266532,239153,346,319,408
2020-09-29 05:49:01,137,265,266746,239353,385,347,446
2020-09-29 06:19:01,137,264,266978,239580,455,432,475
2020-09-29 06:49:01,138,263,267219,239861,482,514,475
2020-09-29 07:19:01,138,262,267427,240144,404,526,482
2020-09-29 07:49:01,139,261,267604,240386,391,528,509
2020-09-29 08:19:01,137,259,267865,240629,444,488,540
2020-09-29 08:49:01,137,260,268150,240923,539,539,550
2020-09-29 09:19:01,137,260,268368,241101,467,404,584
2020-09-29 09:49:01,136,261,268577,241375,407,448,620
2020-09-29 10:19:02,137,262,268883,241725,518,612,630
2020-09-29 10:50:01,138,260,269333,242202,761,815,669
2020-09-29 11:20:01,139,259,269728,242514,861,802,687
2020-09-29 11:50:01,140,258,270128,242943,825,774,700
2020-09-29 12:20:01,141,258,270603,243389,877,876,718
2020-09-29 12:50:01,140,260,271071,243834,953,872,737
2020-09-29 13:20:01,142,260,271625,244404,953,978,726
2020-09-29 13:50:01,142,259,272130,245190,1035,1341,701
2020-09-29 14:20:01,142,260,272630,245770,914,1241,688
2020-09-29 14:50:01,142,260,273144,246453,984,1190,640
2020-09-29 15:20:01,142,258,273611,246969,934,1143,628
2020-09-29 15:50:01,144,257,274121,247374,939,835,546
2020-09-29 16:20:01,144,259,274457,247683,845,719,535
2020-09-29 16:50:01,144,258,274855,248008,695,582,535
2020-09-29 17:20:01,147,256,275260,248330,751,602,536
2020-09-29 17:50:01,148,255,275655,248642,840,654,555
2020-09-29 18:20:01,146,256,275986,248918,737,585,516
2020-09-29 18:50:01,145,256,276369,249216,710,569,516
2020-09-29 19:20:01,145,256,276807,249569,830,656,521
2020-09-29 19:50:01,145,255,277291,250010,925,807,517
2020-09-29 20:20:02,146,256,277648,250404,780,805,485
2020-09-29 20:51:01,147,255,277933,250774,533,634,451
2020-09-29 21:21:01,147,254,278119,250969,411,466,429
2020-09-29 21:51:01,147,255,278286,251136,364,364,430
2020-09-29 22:21:01,147,255,278415,251323,299,352,413
2020-09-29 22:51:01,144,253,278546,251481,259,330,412
2020-09-29 23:21:01,145,254,278735,251719,320,393,403
2020-09-29 23:51:01,146,253,278966,252095,427,623,353
2020-09-30 00:21:01,147,253,279155,252292,390,547,326
2020-09-30 00:51:02,150,251,279312,252477,340,378,305
2020-09-30 01:22:01,150,248,279515,252655,358,360,309
2020-09-30 01:52:01,150,249,279745,252817,443,343,308
2020-09-30 02:22:01,151,249,279954,252980,446,325,289
2020-09-30 02:52:01,151,248,280129,253103,397,293,309
2020-09-30 03:22:01,152,247,280300,253285,363,313,317
2020-09-30 03:52:01,152,245,280466,253432,337,337,342
2020-09-30 04:22:01,153,245,280644,253571,346,286,348
2020-09-30 04:52:01,154,245,280826,253753,366,322,375
2020-09-30 05:22:01,155,244,280984,253914,342,345,418
2020-09-30 05:52:01,157,242,281149,254147,327,396,433
2020-09-30 06:22:01,154,239,281360,254386,377,472,469
2020-09-30 06:52:01,155,238,281600,254625,454,482,466
2020-09-30 07:22:01,156,237,281900,254911,542,524,473
2020-09-30 07:52:01,156,238,282182,255139,582,516,492
2020-09-30 08:22:01,156,240,282368,255336,479,436,490
2020-09-30 08:52:01,157,239,282680,255603,515,470,510
2020-09-30 09:22:01,156,238,283000,255886,633,550,555
2020-09-30 09:52:02,156,239,283354,256195,720,617,589
2020-09-30 10:23:01,157,239,283732,256538,729,656,617
2020-09-30 10:53:01,157,241,283946,256828,639,653,690
2020-09-30 11:23:01,157,238,284243,257154,541,618,715
2020-09-30 11:53:01,157,237,284580,257470,642,645,739
2020-09-30 12:23:01,161,234,284873,257818,642,679,732
2020-09-30 12:53:01,160,233,285215,258171,634,704,707
2020-09-30 13:23:01,161,235,285574,258531,708,715,680
2020-09-30 13:53:01,161,235,286048,258980,857,810,648
2020-09-30 14:23:01,162,233,286488,259416,922,898,617
2020-09-30 14:53:01,166,233,286936,259747,907,772,592
2020-09-30 15:23:02,166,230,287314,260074,815,652,573
2020-09-30 15:54:01,167,226,287629,260424,705,686,563
2020-09-30 16:24:01,170,222,287871,260734,527,618,528
2020-09-30 16:54:01,175,216,288183,261074,526,640,498
2020-09-30 17:24:01,176,212,288431,261321,563,592,491
2020-09-30 17:54:01,177,215,288675,261559,489,474,498
2020-09-30 18:24:01,177,212,288922,261848,507,542,491
2020-09-30 18:54:01,175,210,289158,262192,497,646,474
2020-09-30 19:24:01,176,208,289342,262489,440,653,486
2020-09-30 19:54:02,174,209,289617,262835,468,645,472
2020-09-30 20:25:01,175,211,289913,263137,594,669,457
2020-09-30 20:55:01,175,209,290192,263498,590,688,436
2020-09-30 21:25:01,176,207,290458,263760,532,623,407
2020-09-30 21:55:01,174,206,290773,264056,588,561,391
2020-09-30 22:25:01,175,207,291065,264329,623,581,379
2020-09-30 22:55:01,177,206,291265,264547,491,498,321
2020-09-30 23:25:01,176,205,291400,264738,344,412,312
2020-09-30 23:55:01,174,203,291562,264953,314,430,303
2020-10-01 00:25:01,178,204,291707,265137,316,407,277
2020-10-01 00:55:02,179,204,291860,265325,301,379,287
2020-10-01 01:26:01,180,201,292074,265571,390,465,286
2020-10-01 01:56:01,179,203,292252,265813,399,497,289
2020-10-01 02:26:02,179,206,292390,266027,307,415,278
2020-10-01 02:57:01,179,205,292518,266219,265,406,280
2020-10-01 03:27:01,179,206,292680,266480,300,476,300
2020-10-01 03:57:01,178,205,292843,266709,327,497,308
2020-10-01 04:27:01,177,204,292970,266868,291,389,312
2020-10-01 04:57:01,176,203,293104,267026,236,296,328
2020-10-01 05:27:01,177,201,293274,267188,309,318,332
2020-10-01 05:57:01,182,202,293464,267379,372,363,362
2020-10-01 06:27:01,180,204,293723,267685,437,480,395
2020-10-01 06:57:01,180,204,293964,267972,507,599,411
2020-10-01 07:27:02,181,206,294197,268224,486,541,401
2020-10-01 07:58:01,181,205,294426,268485,455,508,412
2020-10-01 08:28:01,183,207,294591,268703,372,462,446
2020-10-01 08:58:01,182,206,294813,268992,393,505,465
2020-10-01 09:28:01,182,208,295096,269308,488,588,472
2020-10-01 09:58:01,183,208,295414,269632,590,629,527
2020-10-01 10:28:01,183,200,295731,269943,651,656,537
2020-10-01 10:58:01,182,203,296057,270272,648,644,532
2020-10-01 11:28:01,182,205,296353,270552,607,582,548
2020-10-01 11:58:01,180,201,296614,270928,542,629,553
2020-10-01 12:28:01,180,198,296958,271227,616,693,586
2020-10-01 12:58:01,185,198,297301,271554,704,644,584
2020-10-01 13:28:01,183,199,297651,271913,709,694,560
2020-10-01 13:58:01,184,196,298155,272325,861,778,560
2020-10-01 14:28:01,186,197,298594,272798,906,877,533
2020-10-01 14:58:01,185,198,298966,273194,793,857,492
2020-10-01 15:28:01,184,199,299395,273605,789,764,485
2020-10-01 15:58:01,185,200,299666,273898,672,678,476
2020-10-01 16:28:02,187,201,299910,274139,524,542,443
2020-10-01 16:59:01,185,200,300243,274419,571,492,455
2020-10-01 17:29:01,187,199,300488,274684,562,516,480
2020-10-01 17:59:01,188,199,300772,274934,539,503,479
2020-10-01 18:29:01,187,197,301039,275153,544,461,466
2020-10-01 18:59:01,187,197,301368,275474,637,566,473
2020-10-01 19:29:01,189,195,301660,275776,629,627,450
2020-10-01 19:59:01,191,195,301993,276121,638,665,454
2020-10-01 20:29:01,190,194,302320,276556,658,782,451
2020-10-01 20:59:01,188,195,302661,277016,677,906,437
2020-10-01 21:29:01,189,195,302977,277313,658,757,396
2020-10-01 21:59:02,190,194,303157,277509,469,460,364
2020-10-01 22:30:02,190,193,303327,277694,355,386,325
2020-10-01 23:01:02,191,193,303499,277927,340,409,327
2020-10-01 23:32:01,191,191,303663,278108,322,391,313
2020-10-02 00:02:01,190,189,303855,278295,362,379,300
2020-10-02 00:32:01,190,187,303961,278391,302,286,280
2020-10-02 01:02:01,191,186,304076,278525,215,234,277
2020-10-02 01:32:01,192,185,304199,278625,242,236,267
2020-10-02 02:02:01,191,187,304344,278716,273,192,282
2020-10-02 02:32:01,191,188,304504,278906,315,293,283
2020-10-02 03:02:01,190,189,304696,279084,361,377,292
2020-10-02 03:32:01,191,186,304921,279320,417,414,304
2020-10-02 04:02:01,192,184,305096,279521,407,444,294
2020-10-02 04:32:01,192,183,305315,279742,397,424,304
2020-10-02 05:02:01,196,181,305501,279976,407,456,328
2020-10-02 05:32:01,201,177,305648,280136,323,370,326
2020-10-02 06:02:01,203,173,305798,280248,299,274,352
2020-10-02 06:32:01,206,173,306016,280367,376,231,371
2020-10-02 07:02:01,209,174,306149,280537,354,293,383
2020-10-02 07:32:01,211,169,306285,280700,274,339,408
2020-10-02 08:02:02,214,162,306485,280872,366,371,439
2020-10-02 08:33:01,215,162,306661,281104,384,422,466
2020-10-02 09:03:01,215,161,306886,281384,403,518,486
2020-10-02 09:33:01,215,160,307166,281625,512,525,520
2020-10-02 10:03:02,215,163,307511,281939,627,558,554
2020-10-02 10:34:01,212,162,307844,282269,682,643,588
2020-10-02 11:04:01,210,162,308267,282689,750,757,611
2020-10-02 11:34:01,215,160,308706,283020,854,709,0
2020-10-02 12:04:01,217,156,309050,283370,793,681,592
2020-10-02 12:34:02,224,154,309284,283648,581,627,599
2020-10-02 13:05:01,226,145,309621,283957,608,609,611
2020-10-02 13:35:01,225,148,310037,284344,755,696,591
2020-10-02 14:05:01,225,153,310420,284749,833,813,574
2020-10-02 14:35:01,228,156,310674,285045,637,708,543
2020-10-02 15:05:01,230,156,310899,285360,485,617,540
2020-10-02 15:35:01,233,151,311066,285689,405,669,551
2020-10-02 16:05:01,236,147,311337,286046,444,695,528
2020-10-02 16:35:01,237,138,311558,286372,494,682,506
2020-10-02 17:05:01,238,137,311786,286605,451,559,498
2020-10-02 17:35:02,239,141,312036,286901,495,556,480
2020-10-02 18:05:02,240,142,312293,287216,512,634,451
2020-10-02 18:36:01,236,140,312517,287485,481,583,467
2020-10-02 19:06:01,237,140,312737,287750,443,537,483
2020-10-02 19:36:01,237,141,312998,288047,513,590,490
2020-10-02 20:06:01,239,138,313221,288315,471,551,461
2020-10-02 20:36:01,240,134,313413,288482,392,449,459
2020-10-02 21:06:02,243,135,313583,288736,362,432,435
2020-10-02 21:36:02,241,132,313800,288898,389,419,409
2020-10-02 22:07:01,243,129,313985,289063,393,315,369
2020-10-02 22:37:01,240,128,314154,289214,358,320,358
2020-10-02 23:07:01,240,127,314289,289352,303,282,347
2020-10-02 23:37:01,239,129,314375,289489,235,294,315
2020-10-03 00:07:01,237,131,314482,289630,199,283,310
2020-10-03 00:37:01,236,132,314614,289755,246,268,298
2020-10-03 01:07:01,234,132,314746,289903,271,264,292
2020-10-03 01:37:01,233,135,314887,290048,252,266,281
2020-10-03 02:07:01,234,136,314993,290205,227,293,293
2020-10-03 02:37:01,238,135,315071,290329,189,295,297
2020-10-03 03:07:01,236,134,315184,290482,196,286,306
2020-10-03 03:37:02,239,134,315304,290615,233,288,310
2020-10-03 04:08:01,239,134,315424,290738,246,270,333
2020-10-03 04:38:01,241,135,315530,290884,228,268,346
2020-10-03 05:08:01,236,131,315702,291078,282,343,372
2020-10-03 05:38:01,235,127,315810,291248,283,369,403
2020-10-03 06:08:01,235,131,315980,291452,286,386,413
2020-10-03 06:38:01,237,129,316186,291681,378,428,419
2020-10-03 07:08:01,239,128,316382,291872,409,429,429
2020-10-03 07:38:01,243,126,316627,292150,471,494,458
2020-10-03 08:08:01,243,126,316909,292453,508,568,488
2020-10-03 08:38:01,243,128,317204,292761,584,612,519
2020-10-03 09:08:01,237,130,317563,293069,679,634,551
2020-10-03 09:38:01,240,133,317824,293390,601,600,594
2020-10-03 10:08:01,243,129,318167,293730,645,706,641
2020-10-03 10:38:01,241,120,318526,294133,712,755,662
2020-10-03 11:08:01,247,118,318900,294616,684,833,699
2020-10-03 11:38:01,249,115,319243,294961,709,816,697
2020-10-03 12:08:01,254,112,319658,295399,770,787,712
2020-10-03 12:38:01,254,113,320125,295919,830,934,724
2020-10-03 13:08:01,259,112,320491,296372,840,974,693
2020-10-03 13:38:01,258,112,321009,296885,886,953,676
2020-10-03 14:08:02,263,110,321538,297475,1043,1095,669
2020-10-03 14:39:02,261,106,322030,298085,967,1143,650
2020-10-03 15:10:01,264,101,322553,298699,993,1166,620
2020-10-03 15:40:01,262,98,322953,299120,918,1034,596
2020-10-03 16:10:01,263,96,323362,299538,815,845,561
2020-10-03 16:40:01,264,95,323659,299890,705,770,512
2020-10-03 17:10:01,267,93,323949,300282,569,744,504
2020-10-03 17:40:01,274,93,324237,300650,572,759,472
2020-10-03 18:10:01,271,94,324551,300995,609,720,500
2020-10-03 18:40:01,273,92,324818,301356,574,685,475
2020-10-03 19:10:01,271,88,324999,301686,428,669,470
2020-10-03 19:40:01,271,85,325204,302000,395,660,446
2020-10-03 20:10:01,272,83,325370,302262,357,580,445
2020-10-03 20:40:01,271,80,325528,302546,339,564,432
2020-10-03 21:10:01,272,81,325679,302841,319,599,421
2020-10-03 21:40:01,274,83,325829,303100,305,560,383
2020-10-03 22:10:02,271,87,326003,303330,327,491,360
2020-10-03 22:41:01,269,91,326178,303549,355,421,372
2020-10-03 23:11:01,270,92,326342,303788,339,459,377
2020-10-03 23:41:01,274,89,326504,304019,315,427,359
2020-10-04 00:11:01,278,89,326662,304279,310,488,334
2020-10-04 00:41:01,281,85,326860,304504,366,495,319
2020-10-04 01:11:01,286,83,327031,304733,358,447,326
2020-10-04 01:41:01,286,84,327201,304922,327,390,315
2020-10-04 02:11:01,284,80,327368,305157,355,438,325
2020-10-04 02:41:01,285,76,327553,305359,355,424,358
2020-10-04 03:11:01,286,75,327706,305535,354,397,356
2020-10-04 03:41:01,290,76,327884,305740,353,381,368
2020-10-04 04:11:02,286,76,328019,305936,316,409,377
2020-10-04 04:42:01,285,77,328207,306204,327,448,393
2020-10-04 05:12:02,289,78,328417,306529,420,624,408
2020-10-04 05:43:01,290,77,328621,306882,435,708,416
2020-10-04 06:13:01,288,79,328845,307295,432,774,431
2020-10-04 06:43:01,289,78,329087,307642,474,761,458
2020-10-04 07:13:01,293,78,329380,307959,553,683,481
2020-10-04 07:43:01,290,75,329641,308368,514,706,512
2020-10-04 08:13:01,288,70,329894,308762,529,827,515
2020-10-04 08:43:01,288,67,330232,309209,592,843,516
2020-10-04 09:13:01,292,61,330491,309491,596,730,537
2020-10-04 09:43:01,294,57,330754,309800,529,598,570
2020-10-04 10:13:01,296,57,330981,310060,498,575,593
2020-10-04 10:43:01,298,57,331264,310426,508,629,599
2020-10-04 11:13:01,298,55,331564,310762,582,697,599
2020-10-04 11:43:01,300,52,331882,311190,624,781,588
2020-10-04 12:13:01,304,47,332228,311525,656,740,590
2020-10-04 12:43:01,299,44,332537,311986,662,810,617
2020-10-04 13:13:01,302,40,332813,312439,550,886,607
2020-10-04 13:43:01,303,37,333152,312975,613,983,581
2020-10-04 14:13:01,303,33,333555,313457,748,1037,553
2020-10-04 14:43:01,310,28,334073,313795,893,741,571
