Timestamp,WardenCaptures,ColonialCaptures,WardenCasualties,ColonialCasualties,WardenCasualtyRate,ColonialCasualityRate,SteamPlayers,Target
2019-11-14 09:34:01,74,82,67,71,15,13,378,0
2019-11-14 10:04:01,117,123,368,454,368,454,427,0
2019-11-14 10:34:01,118,128,757,918,700,867,438,0
2019-11-14 11:04:01,118,129,1318,1386,883,856,446,0
2019-11-14 11:34:01,119,128,1829,1870,1086,966,438,0
2019-11-14 12:04:02,119,128,2369,2403,1031,996,456,0
2019-11-14 12:35:01,120,128,3119,3102,1292,1227,425,0
2019-11-14 13:05:01,121,128,3707,3697,1304,1284,388,0
2019-11-14 13:35:01,122,131,4251,4313,1058,1137,358,0
2019-11-14 14:05:02,123,131,4786,4785,1013,1030,343,0
2019-11-14 14:36:01,117,98,5506,5381,1075,902,297,0
2019-11-14 15:06:01,123,130,6017,5833,1085,904,292,0
2019-11-14 15:36:01,122,130,6407,6240,891,855,270,0
2019-11-14 16:06:02,122,131,6739,6590,696,768,263,0
2019-11-14 16:36:02,122,131,7089,7011,776,870,269,0
2019-11-14 17:07:01,122,131,7481,7438,742,848,272,0
2019-11-14 17:37:01,122,131,7819,7842,730,831,268,0
2019-11-14 18:07:01,121,131,8225,8265,744,827,245,0
2019-11-14 18:37:01,122,131,8600,8656,781,815,245,0
2019-11-14 19:07:01,122,130,8944,9022,719,758,235,0
2019-11-14 19:37:01,122,131,9253,9425,653,770,245,0
2019-11-14 20:07:01,122,130,9656,9837,712,818,236,0
2019-11-14 20:37:01,124,130,9860,10097,607,675,209,0
2019-11-14 21:07:01,124,130,10017,10289,361,453,181,0
2019-11-14 21:37:01,123,130,10186,10496,325,398,158,0
2019-11-14 22:07:01,124,130,10356,10634,340,345,161,0
2019-11-14 22:37:01,124,130,10541,10843,357,348,154,0
2019-11-14 23:07:01,123,129,10696,11042,326,409,149,0
2019-11-14 23:37:01,123,130,10837,11193,297,351,132,0
2019-11-15 00:07:01,123,130,10963,11322,267,280,125,0
2019-11-15 00:37:01,123,130,11082,11457,248,266,125,0
2019-11-15 01:07:02,123,130,11215,11588,255,280,138,0
2019-11-15 01:38:01,123,130,11390,11719,323,274,139,0
2019-11-15 02:08:01,123,130,11574,11895,361,316,139,0
2019-11-15 02:38:01,124,129,11757,12116,370,422,152,0
2019-11-15 03:08:01,125,127,11911,12266,339,374,150,0
2019-11-15 03:38:01,124,128,12022,12371,265,255,153,0
2019-11-15 04:08:01,124,128,12148,12490,237,225,149,0
2019-11-15 04:38:01,124,127,12279,12638,267,287,168,0
2019-11-15 05:08:01,123,129,12521,12854,369,364,176,0
2019-11-15 05:38:01,123,129,12711,13063,432,427,176,0
2019-11-15 06:08:01,123,129,12975,13256,471,374,199,0
2019-11-15 06:38:02,122,130,13169,13482,456,420,202,0
2019-11-15 07:09:02,120,130,13304,13620,332,364,212,0
2019-11-15 07:40:01,120,131,13430,13720,264,240,256,0
2019-11-15 08:10:01,120,130,13618,13918,320,297,270,0
2019-11-15 08:40:01,119,130,13873,14116,443,387,284,0
2019-11-15 09:10:01,120,131,14167,14382,551,464,293,0
2019-11-15 09:40:01,120,131,14465,14731,593,616,298,0
2019-11-15 10:10:01,120,131,14844,15167,679,786,289,0
2019-11-15 10:40:01,121,131,15205,15513,770,801,301,0
2019-11-15 11:10:02,121,131,15394,15738,555,574,321,0
2019-11-15 11:41:01,122,130,15653,16037,466,542,328,0
2019-11-15 12:11:01,122,130,15979,16316,585,578,360,0
2019-11-15 12:41:01,122,130,16423,16723,753,701,373,0
2019-11-15 13:11:01,122,130,16827,17138,850,821,362,0
2019-11-15 13:41:01,121,131,17223,17503,765,778,337,0
2019-11-15 14:11:01,119,133,17466,17763,571,580,340,0
2019-11-15 14:41:01,118,133,17696,17987,453,472,280,0
2019-11-15 15:11:02,118,133,17944,18255,446,481,263,0
2019-11-15 15:42:01,118,133,18125,18406,492,485,279,0
2019-11-15 16:12:01,117,132,18443,18674,673,578,258,0
2019-11-15 16:42:01,116,134,18677,18874,659,498,252,0
2019-11-15 17:12:01,115,134,18854,19031,396,340,246,0
2019-11-15 17:42:01,116,134,19023,19254,346,383,252,0
2019-11-15 18:12:01,115,135,19309,19527,480,522,254,0
2019-11-15 18:42:01,116,135,19605,19712,581,438,254,0
2019-11-15 19:12:01,116,135,19858,19978,503,430,252,0
2019-11-15 19:42:01,117,134,20140,20281,539,571,248,0
2019-11-15 20:12:01,117,134,20365,20604,511,638,259,0
2019-11-15 20:42:01,117,134,20714,20931,610,669,263,0
2019-11-15 21:12:01,118,133,20998,21203,614,577,250,0
2019-11-15 21:42:01,119,132,21210,21403,498,478,256,0
2019-11-15 22:12:01,120,131,21439,21679,426,506,222,0
2019-11-15 22:42:02,121,130,21626,21861,401,440,221,0
2019-11-15 23:13:01,121,130,21863,22102,425,426,216,0
2019-11-15 23:43:01,120,132,22108,22342,481,488,214,0
2019-11-16 00:13:01,120,132,22357,22558,494,455,195,0
2019-11-16 00:43:01,119,132,22524,22768,467,479,191,0
2019-11-16 01:13:01,120,132,22708,22934,351,377,202,0
2019-11-16 01:43:01,120,132,22891,23114,367,347,196,0
2019-11-16 02:13:01,121,132,23061,23315,324,377,205,0
2019-11-16 02:43:01,122,132,23276,23567,367,442,227,0
2019-11-16 03:13:01,121,133,23485,23763,423,452,209,0
2019-11-16 03:43:01,120,134,23694,23978,417,411,234,0
2019-11-16 04:13:01,120,134,23926,24219,442,461,240,0
2019-11-16 04:43:01,119,135,24128,24421,438,444,229,0
2019-11-16 05:13:01,118,136,24351,24669,457,481,239,0
2019-11-16 05:43:01,118,137,24577,24848,449,427,268,0
2019-11-16 06:13:01,118,137,24847,25147,502,482,274,0
2019-11-16 06:43:01,118,137,25056,25377,479,528,303,0
2019-11-16 07:13:01,117,138,25326,25652,479,507,312,0
2019-11-16 07:43:01,117,139,25728,25981,682,598,333,0
2019-11-16 08:13:01,115,140,26131,26352,845,736,342,0
2019-11-16 08:43:01,114,141,26465,26675,737,695,339,0
2019-11-16 09:13:01,114,139,26775,26957,665,624,374,0
2019-11-16 09:43:01,114,138,27166,27323,712,668,412,0
2019-11-16 10:13:01,116,138,27616,27894,763,925,425,0
2019-11-16 10:43:01,115,139,28278,28569,1154,1272,444,0
2019-11-16 11:13:01,115,138,28842,29180,1289,1366,438,0
2019-11-16 11:43:01,116,138,29195,29638,917,1071,428,0
2019-11-16 12:13:01,117,138,29715,30159,906,986,464,0
2019-11-16 12:43:01,117,137,30267,30793,1080,1173,461,0
2019-11-16 13:13:01,118,139,30755,31304,1021,1113,440,0
2019-11-16 13:43:01,118,139,31296,31889,1031,1097,421,0
2019-11-16 14:13:01,119,138,31793,32305,1038,999,378,0
2019-11-16 14:43:01,119,138,32123,32642,830,753,351,0
2019-11-16 15:13:01,119,138,32431,32899,609,557,343,0
2019-11-16 15:43:01,119,138,32755,33215,663,604,337,0
2019-11-16 16:13:01,119,138,33027,33562,545,614,318,0
2019-11-16 16:43:01,118,138,33320,33870,530,606,322,0
2019-11-16 17:13:01,117,139,33642,34162,617,602,321,0
2019-11-16 17:43:01,116,141,33926,34511,608,643,305,0
2019-11-16 18:13:01,117,140,34210,34802,569,640,293,0
2019-11-16 18:43:01,116,140,34448,35102,526,588,293,0
2019-11-16 19:13:01,116,139,34693,35353,467,547,298,0
2019-11-16 19:43:01,115,139,34962,35833,504,741,304,0
2019-11-16 20:13:01,115,140,35253,36151,565,804,276,0
2019-11-16 20:43:01,116,140,35486,36436,517,597,266,0
2019-11-16 21:13:01,116,140,35691,36733,399,563,244,0
2019-11-16 21:43:01,116,140,35952,36933,463,493,249,0
2019-11-16 22:13:01,117,140,36164,37111,473,380,246,0
2019-11-16 22:43:01,117,140,36377,37355,426,422,245,0
2019-11-16 23:13:01,117,140,36585,37555,421,444,216,0
2019-11-16 23:43:01,117,139,36827,37791,451,437,205,0
2019-11-17 00:13:01,117,138,37038,38010,453,456,202,0
2019-11-17 00:43:01,117,139,37204,38221,377,431,207,0
2019-11-17 01:13:01,117,139,37361,38437,293,387,215,0
2019-11-17 01:43:01,117,139,37551,38665,348,445,231,0
2019-11-17 02:13:01,117,141,37735,38874,380,443,236,0
2019-11-17 02:43:01,117,140,37946,39067,394,407,229,0
2019-11-17 03:13:01,117,140,38166,39300,446,440,242,0
2019-11-17 03:43:01,117,140,38440,39529,493,460,257,0
2019-11-17 04:13:01,117,141,38651,39748,486,449,245,0
2019-11-17 04:43:01,117,141,38913,39959,473,429,270,0
2019-11-17 05:13:01,117,141,39160,40225,509,477,281,0
2019-11-17 05:43:01,117,141,39398,40441,487,480,279,0
2019-11-17 06:13:01,117,141,39611,40680,458,456,297,0
2019-11-17 06:43:01,117,140,39869,40939,456,481,313,0
2019-11-17 07:13:01,117,140,40143,41227,562,568,347,0
2019-11-17 07:43:01,118,140,40458,41542,591,592,356,0
2019-11-17 08:13:01,118,139,40785,41840,661,629,389,0
2019-11-17 08:43:01,119,139,41117,42124,665,583,393,0
2019-11-17 09:13:01,119,138,41491,42486,715,652,404,0
2019-11-17 09:43:01,118,139,41888,42909,742,780,396,0
2019-11-17 10:13:01,117,139,42257,43299,769,815,428,0
2019-11-17 10:43:01,117,139,42714,43743,826,834,454,0
2019-11-17 11:13:01,117,139,43254,44175,1038,908,476,0
2019-11-17 11:43:01,117,140,43703,44627,972,879,457,0
2019-11-17 12:13:01,117,139,44126,45105,887,941,429,0
2019-11-17 12:43:01,118,138,44631,45538,908,864,425,0
2019-11-17 13:13:01,118,139,45134,45943,1007,826,406,0
2019-11-17 13:43:01,117,139,45598,46361,968,824,390,0
2019-11-17 14:13:01,117,139,45932,46664,810,733,377,0
2019-11-17 14:43:01,117,139,46177,46962,605,628,342,0
2019-11-17 15:13:01,116,140,46460,47279,503,639,324,0
2019-11-17 15:43:01,118,140,46787,47552,594,558,310,0
2019-11-17 16:13:01,117,140,47059,47887,599,611,286,0
2019-11-17 16:43:01,117,141,47354,48270,568,721,274,0
2019-11-17 17:13:01,116,141,47648,48573,596,696,283,0
2019-11-17 17:43:01,114,141,47938,48878,587,608,301,0
2019-11-17 18:13:01,112,142,48262,49159,652,617,302,0
2019-11-17 18:43:01,112,143,48606,49429,681,558,290,0
2019-11-17 19:13:01,111,142,48841,49675,580,519,270,0
2019-11-17 19:43:01,111,142,49040,49996,399,602,251,0
2019-11-17 20:13:01,110,143,49261,50263,420,590,221,0
2019-11-17 20:43:01,111,143,49451,50436,429,462,196,0
2019-11-17 21:13:01,111,143,49641,50573,379,314,188,0
2019-11-17 21:43:01,112,143,49830,50749,392,322,190,0
2019-11-17 22:13:01,112,144,50002,50926,361,353,171,0
2019-11-17 22:43:01,112,145,50144,51080,283,307,166,0
2019-11-17 23:13:01,111,146,50270,51220,268,294,158,0
2019-11-17 23:43:01,111,147,50410,51303,266,227,154,0
2019-11-18 00:13:01,111,147,50507,51402,237,184,153,0
2019-11-18 00:43:01,111,147,50624,51515,214,212,142,0
2019-11-18 01:13:01,111,147,50707,51592,202,193,126,0
2019-11-18 01:43:01,111,147,50802,51656,179,141,135,0
2019-11-18 02:13:01,111,147,50909,51744,203,152,135,0
2019-11-18 02:43:01,110,147,51054,51908,231,250,130,0
2019-11-18 03:13:01,111,147,51153,51985,245,243,134,0
2019-11-18 03:43:01,112,146,51259,52101,207,197,138,0
2019-11-18 04:13:01,110,146,51403,52235,255,254,153,0
2019-11-18 04:43:01,107,149,51501,52345,246,252,160,0
2019-11-18 05:13:01,106,150,51622,52463,219,229,160,0
2019-11-18 05:43:01,105,150,51767,52604,244,237,177,0
2019-11-18 06:13:01,104,151,51910,52765,292,303,177,0
2019-11-18 06:43:01,101,151,52020,52857,263,260,178,0
2019-11-18 07:13:01,99,152,52080,52958,152,178,210,0
2019-11-18 07:43:01,98,155,52218,53156,200,300,219,0
2019-11-18 08:13:01,97,156,52346,53333,250,322,217,0
2019-11-18 08:43:01,96,155,52431,53423,196,236,241,0
2019-11-18 09:13:01,99,153,52606,53643,261,313,245,0
2019-11-18 09:43:01,100,153,52863,53913,440,502,266,0
2019-11-18 10:13:01,100,153,53193,54099,596,463,289,0
2019-11-18 10:43:01,98,154,53445,54245,591,337,272,0
2019-11-18 11:13:01,97,154,53501,54307,350,235,279,0
2019-11-18 11:43:01,97,154,53661,54421,222,184,301,0
2019-11-18 12:13:01,98,155,53789,54569,290,265,324,0
2019-11-18 12:43:01,98,156,53984,54745,333,331,342,0
2019-11-18 13:13:01,98,156,54241,54971,467,412,338,0
2019-11-18 13:43:01,99,156,54662,55329,729,616,317,0
2019-11-18 14:13:01,99,156,54975,55654,738,683,298,0
2019-11-18 14:43:01,100,156,55277,55957,613,628,290,0
2019-11-18 15:13:01,100,156,55475,56213,476,497,272,0
2019-11-18 15:43:01,100,156,55766,56469,497,519,289,0
2019-11-18 16:13:01,101,156,56071,56723,607,519,280,0
2019-11-18 16:43:01,101,156,56325,56967,559,498,252,0
2019-11-18 17:13:01,101,156,56557,57185,486,461,252,0
2019-11-18 17:43:01,101,156,56745,57352,420,386,236,0
2019-11-18 18:13:01,101,156,56948,57545,398,365,238,0
2019-11-18 18:43:01,101,156,57201,57751,480,413,235,0
2019-11-18 19:13:01,101,156,57471,57943,524,361,227,0
2019-11-18 19:43:01,101,156,57686,58133,461,340,213,0
2019-11-18 20:13:01,101,156,57895,58328,423,387,208,0
2019-11-18 20:43:01,101,156,58081,58524,395,394,203,0
2019-11-18 21:13:01,101,156,58271,58744,377,417,202,0
2019-11-18 21:43:01,101,156,58501,58950,422,427,178,0
2019-11-18 22:13:01,101,156,58747,59130,474,386,175,0
2019-11-18 22:43:02,99,158,59021,59290,521,341,153,0
2019-11-18 23:14:01,98,158,59155,59402,430,286,132,0
2019-11-18 23:44:01,98,158,59347,59469,292,146,133,0
2019-11-19 00:14:01,98,158,59459,59554,306,151,140,0
2019-11-19 00:44:01,98,158,59569,59653,223,184,137,0
2019-11-19 01:14:01,98,158,59714,59766,234,187,140,0
2019-11-19 01:44:02,98,158,59862,59911,297,258,152,0
2019-11-19 02:15:01,98,158,60018,60056,306,290,155,0
2019-11-19 02:45:01,97,158,60131,60201,241,290,145,0
2019-11-19 03:15:01,96,157,60183,60297,124,197,156,0
2019-11-19 03:45:01,96,159,60206,60365,60,142,150,0
2019-11-19 04:15:01,94,161,60233,60414,49,118,153,0
2019-11-19 04:45:01,93,161,60277,60492,73,135,166,0
2019-11-19 05:15:01,92,161,60326,60543,94,133,169,0
2019-11-19 05:45:01,92,161,60402,60630,125,138,177,0
2019-11-19 06:15:01,92,162,60477,60706,151,163,184,0
2019-11-19 06:45:01,91,165,60631,60812,230,183,191,0
2019-11-19 07:15:01,89,166,60848,60972,349,251,198,0
2019-11-19 07:45:01,88,166,60992,61076,358,263,208,0
2019-11-19 08:15:01,89,166,61124,61231,282,268,215,0
2019-11-19 08:45:01,88,166,61325,61417,344,345,222,0
2019-11-19 09:15:01,88,166,61478,61567,354,340,240,0
2019-11-19 09:45:01,88,166,61643,61739,321,326,249,0
2019-11-19 10:15:01,89,166,61876,61911,402,346,260,0
2019-11-19 10:45:01,90,165,62091,62082,448,341,258,0
2019-11-19 11:15:01,90,165,62298,62250,369,309,258,0
2019-11-19 11:45:01,90,166,62591,62468,508,391,269,0
2019-11-19 12:15:01,90,166,62916,62666,619,425,276,0
2019-11-19 12:45:01,90,168,63183,62869,595,406,287,0
2019-11-19 13:15:01,90,168,63360,63024,455,395,277,0
2019-11-19 13:45:01,89,167,63737,63280,560,432,271,0
2019-11-19 14:15:01,88,165,64127,63514,753,482,256,0
2019-11-19 14:45:01,88,166,64460,63766,721,485,239,0
2019-11-19 15:15:01,90,167,64765,63984,619,463,243,0
2019-11-19 15:45:01,89,168,64961,64225,504,461,232,0
2019-11-19 16:15:01,88,169,65195,64423,444,451,0,0
2019-11-19 16:45:01,89,168,65470,64615,514,395,222,0
2019-11-19 17:15:01,87,166,65703,64836,512,417,233,0
2019-11-19 17:45:01,85,164,65881,65012,338,383,243,0
2019-11-19 18:15:01,85,167,66065,65166,366,337,245,0
2019-11-19 18:45:01,85,167,66275,65326,376,284,244,0
2019-11-19 19:15:01,86,166,66500,65541,405,377,244,0
2019-11-19 19:45:01,86,167,66764,65709,481,378,246,0
2019-11-19 20:15:01,86,169,67038,65903,537,366,244,0
2019-11-19 20:45:01,86,168,67277,66068,432,327,229,0
2019-11-19 21:15:01,86,168,67447,66241,385,334,208,0
2019-11-19 21:45:01,86,168,67610,66380,347,320,200,0
2019-11-19 22:15:01,84,168,67780,66561,320,314,173,0
2019-11-19 22:45:01,83,169,67938,66688,307,295,154,0
2019-11-19 23:15:01,83,170,67991,66738,211,177,134,0
2019-11-19 23:45:01,83,170,68083,66812,150,113,122,0
2019-11-20 00:15:01,81,172,68150,66861,130,108,113,0
2019-11-20 00:45:01,81,174,68163,66899,81,93,110,0
2019-11-20 01:15:01,81,173,68186,66921,42,71,113,0
2019-11-20 01:45:01,79,173,68207,66975,44,76,116,0
2019-11-20 02:15:01,79,174,68241,67032,55,111,124,0
2019-11-20 02:45:01,78,173,68308,67133,101,157,138,0
2019-11-20 03:15:01,78,173,68336,67207,95,176,146,0
2019-11-20 03:45:01,78,174,68400,67290,91,157,153,0
2019-11-20 04:15:01,78,171,68454,67335,118,130,155,0
2019-11-20 04:45:01,78,172,68529,67378,131,91,162,0
2019-11-20 05:15:01,78,172,68651,67488,202,157,175,0
2019-11-20 05:45:01,77,173,68799,67659,269,282,177,0
2019-11-20 06:15:01,78,173,68906,67740,235,209,172,0
2019-11-20 06:45:01,79,171,68954,67775,159,120,176,0
2019-11-20 07:15:01,78,171,69029,67822,126,82,185,0
2019-11-20 07:45:01,79,173,69148,67891,188,114,193,0
2019-11-20 08:15:01,79,173,69281,67979,253,157,219,0
2019-11-20 08:45:01,80,172,69440,68132,308,255,222,0
2019-11-20 09:15:01,82,171,69604,68307,292,316,236,0
2019-11-20 09:45:01,81,171,69754,68432,315,302,284,0
2019-11-20 10:15:01,80,173,69919,68622,289,289,308,0
2019-11-20 10:45:01,80,175,70192,68830,438,401,312,0
2019-11-20 11:15:01,81,175,70395,69025,478,404,334,0
2019-11-20 11:45:02,82,174,70683,69257,450,405,308,0
2019-11-20 12:16:01,82,174,70901,69475,480,427,327,0
2019-11-20 12:46:01,82,174,71204,69691,531,446,323,0
2019-11-20 13:16:01,80,175,71348,69859,426,371,290,0
2019-11-20 13:46:01,80,176,71581,69976,377,288,272,0
2019-11-20 14:16:01,80,176,71829,70157,482,303,271,0
2019-11-20 14:46:01,80,175,72025,70411,411,429,253,0
2019-11-20 15:16:02,80,175,72193,70585,364,426,239,0
2019-11-20 15:47:01,80,175,72382,70716,359,305,227,0
2019-11-20 16:17:01,80,174,72498,70816,306,231,239,0
2019-11-20 16:47:01,80,176,72650,70959,238,219,233,0
2019-11-20 17:17:01,81,177,72835,71073,317,226,240,0
2019-11-20 17:47:01,80,177,73073,71255,439,314,232,0
2019-11-20 18:17:01,80,177,73296,71470,462,397,140,0
2019-11-20 18:47:02,78,178,73434,71619,361,366,233,0
2019-11-20 19:18:01,79,177,73754,71838,410,324,220,0
2019-11-20 19:48:01,77,178,73947,72005,435,340,230,0
2019-11-20 20:18:01,76,178,74116,72174,362,341,216,0
2019-11-20 20:48:01,75,180,74276,72311,330,311,204,0
2019-11-20 21:18:01,76,176,74454,72435,338,261,190,0
2019-11-20 21:48:01,76,176,74669,72565,394,259,180,0
2019-11-20 22:18:01,74,177,74869,72657,414,221,155,0
2019-11-20 22:48:01,74,177,74999,72728,332,169,134,0
2019-11-20 23:18:01,75,176,75042,72772,173,115,123,0
2019-11-20 23:48:01,75,179,75135,72852,137,127,117,0
2019-11-21 00:18:01,74,179,75218,72923,175,151,121,0
2019-11-21 00:48:01,74,178,75269,73011,135,157,126,0
2019-11-21 01:18:01,75,177,75338,73068,126,145,135,0
2019-11-21 01:48:01,75,178,75479,73147,212,139,141,0
2019-11-21 02:18:01,75,178,75617,73215,281,149,140,0
2019-11-21 02:48:01,77,178,75730,73280,253,137,135,0
2019-11-21 03:18:01,77,178,75817,73337,200,124,129,0
2019-11-21 03:48:01,77,178,75920,73424,191,146,139,0
2019-11-21 04:18:01,79,178,76022,73534,205,198,147,0
2019-11-21 04:48:01,78,178,76231,73659,311,237,159,0
2019-11-21 05:18:01,78,178,76307,73764,285,231,174,0
2019-11-21 05:48:01,76,180,76470,73905,240,250,188,0
2019-11-21 06:18:01,74,183,76550,74024,244,261,180,0
2019-11-21 06:48:01,74,182,76751,74153,284,245,201,0
2019-11-21 07:18:01,74,181,76984,74291,434,269,213,0
2019-11-21 07:48:01,74,181,77232,74509,484,358,212,0
2019-11-21 08:18:01,73,180,77440,74673,456,384,217,0
2019-11-21 08:48:01,71,179,77528,74769,297,260,215,0
2019-11-21 09:18:01,71,182,77700,74859,261,186,232,0
2019-11-21 09:48:01,70,181,77847,75020,325,256,249,0
2019-11-21 10:18:01,72,181,77965,75164,264,310,241,0
2019-11-21 10:48:01,72,183,78096,75400,261,395,259,0
2019-11-21 11:18:01,72,183,78345,75606,370,413,267,0
2019-11-21 11:48:02,73,183,78577,75859,502,469,265,0
2019-11-21 12:19:01,74,182,78815,76050,470,446,262,0
2019-11-21 12:49:01,74,181,79010,76162,433,303,277,0
2019-11-21 13:19:01,73,181,79219,76338,429,306,293,0
2019-11-21 13:49:01,73,182,79434,76501,425,340,277,0
2019-11-21 14:19:02,74,182,79624,76648,405,310,288,0
2019-11-21 14:50:01,74,181,79885,76860,445,357,279,0
2019-11-21 15:20:01,74,182,80145,77070,513,422,258,0
2019-11-21 15:50:01,75,182,80403,77293,518,434,258,0
2019-11-21 16:20:01,75,182,80636,77510,493,443,244,0
2019-11-21 16:50:01,75,182,80830,77691,465,433,253,0
2019-11-21 17:20:01,76,181,81037,77922,401,412,241,0
2019-11-21 17:50:01,76,182,81257,78099,428,411,248,0
2019-11-21 18:20:01,76,182,81438,78304,365,350,260,0
2019-11-21 18:50:01,76,182,81674,78504,417,406,260,0
2019-11-21 19:20:01,76,181,81905,78736,470,432,261,0
2019-11-21 19:50:02,77,179,82106,78987,419,504,265,0
2019-11-21 20:21:01,77,178,82336,79213,432,477,248,0
2019-11-21 20:51:01,76,178,82592,79471,486,486,237,0
2019-11-21 21:21:01,75,179,82769,79625,438,412,205,0
2019-11-21 21:51:01,75,180,82883,79797,259,313,189,0
2019-11-21 22:21:01,74,179,82988,79935,220,314,173,0
2019-11-21 22:51:01,75,179,83111,80114,228,322,155,0
2019-11-21 23:21:01,73,179,83207,80202,194,226,140,0
2019-11-21 23:51:01,73,181,83270,80265,159,153,138,0
2019-11-22 00:21:01,72,182,83385,80345,183,152,155,0
2019-11-22 00:51:01,72,182,83561,80489,292,226,146,0
2019-11-22 01:21:01,71,184,83648,80563,263,231,155,0
2019-11-22 01:51:01,71,185,83778,80679,218,203,153,0
2019-11-22 02:21:01,71,185,83908,80806,268,253,150,0
2019-11-22 02:51:02,71,185,84056,80954,274,286,145,0
2019-11-22 03:22:01,69,185,84229,81124,321,318,165,0
2019-11-22 03:52:01,69,187,84357,81241,307,297,166,0
2019-11-22 04:22:01,69,186,84514,81353,290,233,157,0
2019-11-22 04:52:01,68,187,84607,81443,251,209,162,0
2019-11-22 05:22:01,67,188,84739,81549,232,201,168,0
2019-11-22 05:52:01,66,185,84797,81625,191,193,180,0
2019-11-22 06:22:01,67,186,84851,81679,112,138,192,0
2019-11-22 06:52:02,67,185,84966,81781,171,162,201,0
2019-11-22 07:23:01,67,186,85008,81827,158,153,215,0
2019-11-22 07:53:01,67,188,85096,81925,135,151,240,0
2019-11-22 08:23:02,67,187,85201,82049,194,222,274,0
2019-11-22 08:54:02,67,188,85386,82219,313,307,287,0
2019-11-22 09:25:01,67,188,85514,82374,313,330,297,0
2019-11-22 09:55:02,67,188,85701,82554,305,337,292,0
2019-11-22 10:26:01,67,187,85857,82734,344,365,332,0
2019-11-22 10:56:01,67,188,86012,82861,311,308,361,0
2019-11-22 11:26:01,67,190,86171,83011,340,298,375,0
2019-11-22 11:56:01,66,190,86340,83158,329,300,387,0
2019-11-22 12:26:01,64,190,86579,83407,387,395,397,0
2019-11-22 12:56:01,62,191,87024,83790,700,649,401,0
2019-11-22 13:26:01,61,194,87304,84038,720,630,407,0
2019-11-22 13:56:01,60,195,87645,84290,620,483,411,0
2019-11-22 14:26:01,61,192,87982,84558,667,512,412,0
2019-11-22 14:56:01,63,192,88253,84794,532,481,402,0
2019-11-22 15:26:01,63,192,88518,84976,532,404,390,0
2019-11-22 15:56:01,63,194,88813,85217,501,395,0,0
2019-11-22 16:26:01,62,192,89029,85450,427,442,351,0
2019-11-22 16:56:01,61,194,89307,85686,494,471,316,0
2019-11-22 17:26:01,61,196,89566,85885,506,389,302,0
2019-11-22 17:56:01,60,195,89817,86071,451,344,0,0
2019-11-22 18:26:01,61,194,90084,86276,465,358,309,0
2019-11-22 18:56:01,61,193,90377,86490,560,419,333,0
2019-11-22 19:26:01,60,193,90709,86771,625,495,337,0
2019-11-22 19:56:01,61,193,91025,87047,649,559,344,0
2019-11-22 20:26:01,60,194,91347,87323,633,547,318,0
2019-11-22 20:56:01,60,194,91680,87571,563,454,327,0
2019-11-22 21:26:01,60,194,92056,87871,709,555,317,0
2019-11-22 21:56:02,61,193,92440,88150,782,595,303,0
2019-11-22 22:27:01,61,193,92756,88432,676,546,279,0
2019-11-22 22:57:02,60,193,93170,88775,696,571,266,0
2019-11-22 23:28:01,60,193,93694,89227,803,701,259,0
2019-11-22 23:58:01,60,193,93955,89422,658,499,228,0
2019-11-23 00:28:01,60,194,94257,89677,564,452,240,0
2019-11-23 00:58:01,58,195,94417,89834,463,414,217,0
2019-11-23 01:28:01,56,195,94494,89970,237,294,227,0
2019-11-23 01:58:01,55,197,94647,90066,231,234,232,0
2019-11-23 02:28:01,54,197,94765,90170,270,200,227,0
2019-11-23 02:58:01,50,198,94898,90252,251,186,241,0
2019-11-23 03:28:01,51,200,95039,90365,274,196,222,0
2019-11-23 03:58:02,51,197,95166,90481,286,251,236,0
2019-11-23 04:29:01,54,197,95294,90631,255,268,246,0
2019-11-23 04:59:01,55,195,95435,90766,269,295,292,0
2019-11-23 05:29:01,56,194,95673,90953,380,321,315,0
2019-11-23 05:59:01,56,195,95920,91105,486,341,323,0
2019-11-23 06:29:01,54,196,96158,91248,486,298,335,0
2019-11-23 06:59:01,53,195,96340,91434,420,329,342,0
2019-11-23 07:29:01,51,197,96611,91645,451,399,350,0
2019-11-23 07:59:01,46,199,96810,91843,469,411,368,0
2019-11-23 08:29:01,44,198,97086,92000,476,355,408,0
2019-11-23 08:59:01,43,199,97365,92162,555,319,436,0
2019-11-23 09:29:01,39,199,97504,92308,428,316,449,0
2019-11-23 09:59:01,42,202,97659,92434,287,270,478,0
2019-11-23 10:29:01,43,202,97899,92713,393,407,496,0
2019-11-23 10:59:01,46,199,98219,93013,561,579,484,0
2019-11-23 11:29:01,49,199,98550,93348,651,636,493,0
2019-11-23 11:59:01,47,198,98922,93738,745,765,497,0
2019-11-23 12:29:01,49,197,99308,94103,758,755,488,0
2019-11-23 12:59:01,47,192,99605,94469,683,735,477,0
2019-11-23 13:29:01,47,192,99947,94782,639,680,467,0
2019-11-23 13:59:01,47,191,100279,95159,671,691,451,0
2019-11-23 14:29:01,46,192,100592,95534,644,747,428,0
2019-11-23 14:59:01,49,191,100959,95905,681,747,405,0
2019-11-23 15:29:01,49,190,101433,96210,842,676,381,0
2019-11-23 15:59:01,50,193,101853,96542,904,643,382,0
2019-11-23 16:29:01,49,192,102253,96913,817,704,360,0
2019-11-23 16:59:02,50,192,102668,97210,815,679,361,0
2019-11-23 17:30:02,51,193,103019,97541,767,627,360,0
2019-11-23 18:01:01,53,193,103312,97794,642,584,313,0
2019-11-23 18:31:01,53,194,103644,98099,624,558,310,0
2019-11-23 19:01:01,52,192,103837,98291,525,498,298,0
2019-11-23 19:31:02,52,193,104097,98480,452,381,282,0
2019-11-23 20:02:01,51,195,104314,98650,498,377,282,0
2019-11-23 20:32:01,51,195,104554,98828,458,349,276,0
2019-11-23 21:02:01,50,195,104833,99081,522,431,272,0
2019-11-23 21:32:01,50,196,105073,99285,494,431,257,0
2019-11-23 22:02:01,49,198,105345,99422,518,340,254,0
2019-11-23 22:32:01,49,198,105586,99584,457,286,231,0
2019-11-23 23:02:01,49,199,105790,99755,424,334,240,0
2019-11-23 23:32:01,49,200,106034,99944,462,375,231,0
2019-11-24 00:02:01,49,200,106210,100098,423,344,204,0
2019-11-24 00:32:01,47,200,106319,100290,243,327,186,0
2019-11-24 01:02:01,46,201,106382,100421,171,325,188,0
2019-11-24 01:32:01,44,204,106447,100484,128,198,193,0
2019-11-24 02:02:01,44,206,106496,100554,117,137,217,0
2019-11-24 02:32:01,45,206,106618,100736,172,252,235,0
2019-11-24 03:02:01,45,207,106787,100928,290,376,224,0
2019-11-24 03:32:02,45,207,106911,100999,293,264,224,0
2019-11-24 04:03:01,45,206,107053,101064,273,141,211,0
2019-11-24 04:33:01,44,207,107164,101179,216,169,225,0
2019-11-24 05:03:01,43,201,107267,101268,225,220,237,0
2019-11-24 05:33:01,43,201,107395,101399,230,225,249,0
2019-11-24 06:03:01,43,201,107505,101484,250,229,273,0
2019-11-24 06:33:01,43,201,107614,101604,209,204,256,0
2019-11-24 07:03:01,43,199,107675,101670,174,194,262,0
2019-11-24 07:33:01,44,199,107788,101753,182,158,268,0
2019-11-24 08:03:01,45,201,107903,101865,228,198,293,0
2019-11-24 08:33:01,44,201,108073,102018,290,272,304,0
2019-11-24 09:03:01,44,201,108323,102152,421,288,340,0
2019-11-24 09:33:02,45,204,108546,102351,466,334,355,0
2019-11-24 10:04:01,44,203,108829,102575,532,447,350,0
2019-11-24 10:34:01,46,203,109088,102780,548,433,347,0
2019-11-24 11:04:01,46,205,109357,103007,545,447,356,0
2019-11-24 11:34:01,47,205,109572,103144,428,322,406,0
2019-11-24 12:04:01,47,205,109870,103346,505,339,421,0
2019-11-24 12:34:01,46,205,110240,103629,695,511,398,0
2019-11-24 13:04:01,44,205,110605,103872,792,565,401,0
2019-11-24 13:34:01,43,206,110962,104184,737,564,416,0
2019-11-24 14:04:01,43,206,111416,104579,822,721,392,0
2019-11-24 14:34:01,41,205,111820,104914,889,746,370,0
2019-11-24 15:04:02,41,206,112158,105238,811,721,343,0
2019-11-24 15:34:02,39,206,112441,105435,632,524,326,0
2019-11-24 16:05:02,43,206,112738,105660,580,421,340,0
2019-11-24 16:36:01,43,206,113077,105915,636,475,304,0
2019-11-24 17:06:01,43,207,113314,106104,573,437,301,0
2019-11-24 17:36:01,41,207,113563,106280,487,365,290,0
2019-11-24 18:06:01,40,207,113763,106425,450,323,314,0
2019-11-24 18:36:01,39,207,114012,106626,425,345,312,0
2019-11-24 19:06:01,39,208,114241,106881,465,454,289,0
2019-11-24 19:36:01,37,210,114482,107042,476,423,276,0
2019-11-24 20:06:01,36,213,114766,107212,527,333,251,0
2019-11-24 20:36:01,35,213,115049,107409,628,404,251,0
2019-11-24 21:06:01,35,213,115296,107611,498,389,237,0
2019-11-24 21:36:01,35,214,115513,107874,480,482,215,0
2019-11-24 22:06:01,36,213,115685,108092,390,485,185,0
2019-11-24 22:36:01,37,212,115781,108169,269,295,167,0
2019-11-24 23:06:01,36,213,115886,108233,202,141,147,0
2019-11-24 23:36:01,34,212,115996,108349,216,180,136,0
2019-11-25 00:06:01,33,213,116058,108389,151,144,139,0
2019-11-25 00:36:01,32,214,116124,108476,128,127,137,0
2019-11-25 01:06:02,33,214,116195,108540,138,154,133,0
2019-11-25 01:37:01,32,216,116253,108575,111,68,134,0
2019-11-25 02:07:01,30,214,116327,108616,133,77,124,0
2019-11-25 02:37:01,30,214,116410,108675,159,109,129,0
2019-11-25 03:07:02,30,213,116499,108776,171,173,138,0
2019-11-25 03:38:01,27,216,116609,108861,215,201,150,0
2019-11-25 04:08:01,27,216,116783,108990,259,221,168,0
2019-11-25 04:38:01,24,213,117024,109175,416,314,163,0
2019-11-25 05:08:01,23,213,117166,109364,383,375,159,0
2019-11-25 05:38:01,23,213,117284,109477,269,312,153,0
2019-11-25 06:08:01,20,217,117371,109553,206,190,161,0
2019-11-25 06:38:01,20,217,117449,109669,165,193,162,0
